회사명,날짜,마감일,직무,경력,근무지역,고용형태,기업 소개,주요 업무,자격 요건,우대사항,채용 절차,복지 및 혜택,회사위치,담당자 연락처
(주)넵튠,2025.07.27,2025.07.27 상시 채용,소프트웨어 개발,3 ~ 5년,서울,계약직 (정규직 전환 가능),"넵튠은요!
We’ll Rule The Ocean
‘바다와 같은 게임 시장에서 최고의 자리를 차지하겠다.’
이 즐거운 상상으로부터 넵튠의 기나긴 항해가 시작됩니다.
넵튠은 캐쥬얼 게임을 시작으로 소셜카지노, MOBA, 퍼즐 등 다양한 장르를 담아내었으며,
광고 수익화 플랫폼, 광고 에이전시, 유튜브 컨텐츠 제작 등 한계 없는 모험을 이어가고 있습니다.
넵튠은 끊임없이 실패와 부딪치고, 도전과 진화를 거듭합니다.
그래서 새로운 즐거움을 만들고, 세상을 더욱 행복하게 만드는 것을 목표로 용감하게 나아가겠습니다.
> 넵튠 홈페이지 :
https://neptunecompany.kr","• 오퍼월 (포인트펍) iOS SDK 개발 및 운영
• 광고 플랫폼 (애드엑스, 애드파이) iOS SDK 개발 및 운영
• 매체 SDK 연동 대응 업무","• 경력 3년 이상 5년 이하 되시는 분
• iOS 라이브러리 개발, 배포, 유지보수 경험이 있으신 분
• 네트워크 프로그래밍, 멀티 쓰레드 환경 개발 경험이 있으신 분
• Objective-C, Swift를 이용한 SDK 또는 앱 서비스 개발 경험이 있으신 분
• CocoaPods, Swift Package Manager(SPM) 배포 경험이 있으신 분
• Git 을 이용한 코드형상관리 및 협업이 가능한 분","• Flutter 등 크로스플랫폼 개발 경험이 있으신 분
• SDK 개발 경험이 있으신 분
• 광고 플랫폼 관련 직종 개발 경험이 있으신 분
• Firebase, AdMob 등 외부 라이브러리에 대한 사용 경험이 있으신 분
• Firebase Cloud Messaging(FCM)을 앱에 연동한 경험이 있으신 분
• Android & iOS 양 플랫폼에서의 개발 및 배포 경험이 있으신 분
• Unity 개발 경험이 있으신 분
참고하세요!
• 3개월 계약직 근무 후 평가를 통해 정규직 전환 여부가 결정돼요.
• 채용절차는 서류전형 → 1차 실무 면접 → 2차 인성 면접 → 최종 합격으로 진행해요.
(면접 단계는 축소되거나 추가될 수 있어요)
• 근무지 위치는 강남구 언주로 508 11층 이에요.
• 모든 채용 과정은 채용절차법을 준수하고 있어요.
• 직무수행과 무관한 정보(결혼유무, 본적 등)는 삭제하고 제출해주세요.
• 해외여행 및 근무에 결격사유가 없어야 해요.(남성의 경우 병역을 마쳤거나 면제 받은 분)
• 지원서 내용이 사실과 다를 경우, 채용이 취소되거나 불이익을 받을 수 있어요.",,"넵튠에 다니면요!
> 업무에 몰입할 수 있는 넵튠인이 되도록!
• 9~11 사이에 자유롭게 출근해요.
• 재택근무가 가능해요 (부서별로 상이)
• 야근 저녁 식대와 택시 귀가비를 지원해드려요.
> 건강한 넵튠인이 될 수 있도록!
• 매년 종합건강검진 지원해드려요.
• 배고프면 일 못해요. 매일 다른 종류의 간식이 가득해요.
• 법인 콘도에서 편안하게 힐링하세요.
• 장기근속자 휴가 및 휴가비를 지원해요.
> 언제나 함께 하는 넵튠인이 될 수 있도록!
• 명절에는 두 손이 가볍지 않게 선물을 챙겨드려요.
• 생일 선물도 챙겨드립니다.
• 슬픔과 기쁨을 함께 나눠요. (경조금, 경조휴가, 장례지원서비스 등)
> 성장하는 넵튠인이 될 수 있도록!
• IT 기기 구입 및 여행 지원(교통, 숙박, 여행 등)을 위한 복지포인트를 챙겨 드려요!
• 자기계발을 위한 도서는 고르기만 하세요.
• 업무에 도움이 되는 교육이 있다면 지금 바로 신청하세요.","서울특별시 강남구 언주로 508, 11층",
(주)디어유,2025.05.13,2025.05.13 상시 채용,iOS 개발,5 ~ 10년,서울,정규직,"㈜디어유는 카카오 계열 SM Entertainment의 IT계열사입니다.
팬과 아티스트가 소통할 수 있는 커뮤니케이션 & 커뮤니티 플랫폼 사업인
'버블[Bubble]'을 런칭하여 사업을 운영하고 있습니다.
디어유는 유저의 소통을 최우선의 가치로 두고, 소통의 가치로 새로운 문화를 창조하고 있습니다. 또한, 글로벌 엔터테인먼트의 새로운 서비스를 제공하며 소통의 가치를 창조하여 특별한 커뮤니케이션 경험을 제공하고 있습니다.
디어유는 향후 엔터테인먼트의 팬덤을 바탕으로 보다 다양한 국가에서 서비스를 제공하며 사업 영역을 확대 추진 중에 있습니다.","디어유는 카카오 계열 SM Entertainment의 IT계열사입니다.
팬과 아티스트가 소통할 수 있는 커뮤니케이션 & 커뮤니티 플랫폼 사업인 '버블[Bubble]'을 런칭하여 사업을 운영하고 있습니다.
디어유는 유저의 소통을 최우선의 가치로 두고, 소통의 가치로 새로운 문화를 창조하고 있습니다. 또한, 글로벌 엔터테인먼트의 새로운 서비스를 제공하며 소통의 가치를 창조하여 특별한 커뮤니케이션 경험을 제공하고 있습니다.
디어유는 향후 엔터테인먼트의 팬덤을 바탕으로 보다 다양한 국가에서 서비스를 제공하며 사업 영역을 확대 추진 중에 있습니다.
[주요업무]
• iOS 클라이언트 개발
• 메시징 기반 iOS 모바일 앱 개발
• Lysn 및 Dear U Bubble 서비스 신규 기능 개발/유지 보수
• 그 외 사내 프로그램 개발 및 유지 보수","• 경력 5년 이상
• Swift/Objective-C를 이용한 iOS 서비스 개발 경력자
• 상용서비스 개발 및 유지보수 경험자
• RESTFUL API에 대한 기본적인 이해를 가지신 분
• 디자인 패턴 및 Architecture에 대한 이해를 가지신 분","• 형상관리 툴 능숙자(Git, JIRA, Confluence)
• 오픈소스 분석 및 사용 경험자
• 메신저 앱 개발 경험자
• Core Data / Swift Data / SQLite 등 DB를 활용한 개발 경험자
• 메신저/SNS 앱 개발 경험자",서류전형 ＞ 코딩테스트 ＞ 면접전형(1차/2차) ＞ 최종합격,"[최고의 근무환경을 조성해요]
• 자율 시차 출퇴근제 운영
• 웰컴KIT 지급
• 최신용 업무장비 지원
• 전용사옥
• 자유로운 연차사용(반차/반반차제도 운영)
• 카페테리아 운영 및 스낵바로 다양한 간식 제공
[임직원들에게 아낌없는 지원을]
• 개인 및 경영 성과에 따른 인센티브 제도
• 파격적인 장기근속포상
• 경조사 지원
• 외근 및 야근 택시비 지원
• 중식대 지급
• 명절 상품권 지급
• 팀별 회식비 지원
• 우수인재 추천보상제도
• SM 계열사 식당 임직원 할인 혜택
[임직원들의 건강까지 챙길게요]
• 최고 수준의 건강검진비 지원(배우자 1인 포함)
• 단체 상해보험 가입
• 매년 독감접종비 지원
• 출산 축하 선물(배우자 포함)
[교육 프로그램]
• 신입사원 교육(OJT)
• 사내 외국어 강좌 운영
• 직무 관련 교육 참여 비용 100% 지원",서울시 강남구 학동로25길 37,
(주)라포랩스,2025.07.17,2025.07.17 상시 채용,"웹개발, 클라우드 개발, 프론트엔드 개발",2 ~ 7년,서울,정규직,"“라포랩스가 대한민국 2,000만의 쇼핑 라이프를 바꿉니다.”
[누적 다운로드 350만 + 구글 쇼핑앱 1위 + 구글플레이 ‘올해의 앱(우수)’]
= 런칭 1년 만에 3050 패션플랫폼 “퀸잇”으로 이 모든 걸 달성한 라포랩스를 소개합니다!
▶ 퀸잇을 만든 라포랩스를 소개합니다.
라포랩스는 지금 이커머스에서 가장 빠르게 크고 있는 스타트업입니다. 설립 1년 만에 연 거래액 2,000% 성장은 물론, 누적 투자액 515억을 달성하고, 벌써 100여명이 넘는 팀원이 함께하고 있으니까요. 라포랩스가 이렇게 폭발적으로 성장할 수 있었던 가장 큰 이유는, 폭발적인 잠재력을 가진 시장을 찾아내고, 토스·하이퍼커넥트·배민 등 유명 IT스타트업 출신의 뛰어난 엔지니어·디자이너·마케터들이 모였기 때문입니다. 지금 라포랩스에는 3050의 쇼핑 라이프가 라포랩스 이전과 이후로 나뉘기를 꿈꾸며, 빠른 속도로 제품을 출시하고 개선하여 서비스를 성공시켜 본 노하우를 가진 구성원들이 모여있습니다.
설립 1년만 기업가치 ‘2000억’…“3050은 패션앱 블루오션”
https://view.asiae.co.kr/article/2021120809515578394
""성장에 욕심 많지만, 따뜻하게 일합니다""
https://www.jobplanet.co.kr/contents/news-2154
▶ 라포랩스의 시작인, “퀸잇(Queenit)”을 소개합니다.
퀸잇은 런칭 1년 만에 구글플레이 ‘2021년 올해의 앱(우수)’에, 누적 다운로드 350만을 달성한 3050 여성 패션플랫폼입니다. 패션부터 뷰티, 명품까지 아우르는 약 600개 이상의 주요 브랜드들이 입점해 있고, 3050만을 위한 패션 콘텐츠도 제공하고 있어요. 무엇보다 핸드폰 번호만으로도 가입할 수 있고, 체형/연령에 맞춰 재고가 있는 상품만 골라볼 수 있는 사이즈 필터 등 차별화된 고객 경험을 제공하고 있습니다. 이렇게 3050에 진심인 곳이 또 있을까요?
백화점 명품을 저렴하게…무신사 제친 ‘퀸잇’
https://www.mk.co.kr/news/business/view/2021/10/985379/
모두 MZ 볼 때 'X세대' 잡았다…3050 여성들 폰에 깔린 앱
https://www.hankyung.com/life/article/202111254260g
▶ Key Highlights
20년 09월 3050여성을 위한 패션플랫폼 ""퀸잇"" 런칭
20년 11월 매주 거래액 20% 성장 (~ing)
21년 05월 구글 쇼핑앱 인기 1위 / 누적 다운로드 100만 달성
21년 07월 시리즈 A 유치, 누적 투자액 165억 달성(소프트뱅크, 카카오벤처스 등)
21년 11월 구글스토어 '올해의 앱(우수)' 선정
21년 12월 누적 다운로드 350만 달성 / 연 2,000% 성장
22년 02월 시리즈 B 유치, 누적 투자액 515억 달성(소프트뱅크, 에이티넘벤처스 등)
▶ 라포랩스에 대해 더 알고 싶다면?
- 라포랩스 컬쳐 소개 :
https://www.rapportlabs.kr/culture
- 라포랩스 제품팀 소개 :
https://www.rapportlabs.kr/product
- 아티클 “라포랩스 제품팀이 스쿼드 중심으로 일하는 이유” :
https://www.rapportlabs.kr/product/howwework1
- 라포랩스 링크드인 채널 :
https://www.linkedin.com/company/rapport-labs","유저가 원하는 ​것을 ​정확하게 ​만날 수 ​있도록,
퀸잇과 팔도감에서의 모든 흐름을 ​AI로 ​설계합니다.
: 이 ​가슴 뛰는 미션을 ​함께 할 ​Machine ​Learning Engineer를 ​찾습니다!
함께 ​하게 ​될 팀을 소개해요 ​🚀
매 ​순간 수백만 유저의 ​행동을 ​바꾸는 ​경험, 인텔리전스 스쿼드(Intelligence ​Squad)에서 만들어갑니다.
인텔리전스 ​스쿼드는 ​검색·추천·광고·가격정책 등 ​유저 경험의 ​핵심적인 ​순간에 AI를 적용해, ​실질적인 문제를 ​해결하고 비즈니스 임팩트를 만듭니다. 우리는 기술로 문제를 해결하는 것을 넘어, 기술이 곧 제품과 서비스의 수준을 결정한다는 믿음을 가지고 일합니다.
∙ Software Engineer, Product Owner, Product Designer 등 각 분야의 전문가들과 함께합니다.
∙ LLM, RAG 등 최근 AI 기술부터 백엔드 아키텍처, 프론트엔드까지. 다양한 기술 스택의 경계를 넘나들며 일합니다. 새로운 기술이 등장하면 빠르게 시도하며, 그 과정에서 재미와 의미를 찾아요.
∙ 문제를 명확히 정의하고 끝까지 해결하자는 마인드셋을 탑재하고 있어요. 직접 문제 정의부터 구현, 검증, 운영까지 A to Z에 참여합니다.
∙ 스쿼드원 모두가 빠르게 학습하고 적극적으로 공유합니다. 가벼운 스터디나 사내 세미나를 통해 새롭게 알게 된 것들을 서로 알려주고 배우는 문화가 자리 잡혀 있습니다.
무엇보다 “재미있게 일하고, 사용자에게 진짜 가치를 주자”는 공감대를 바탕으로 함께 움직입니다. 기술적인 도전이 사용자 만족으로, 그리고 비즈니스 성장으로 이어지는 과정을 함께하고 싶다면 지금 바로 지원하세요! 🛫
라포랩스의 기술 스택은요 🚀
∙ 언어: Python, SQL
∙ 도구: Git, Docker, Flask, Redis
∙ ML 라이브러리: PyTorch, HuggingFace, TensorFlow, CatBoost, PySpark, Polars, Faiss
∙ ML 플랫폼/인프라: Airflow, MLflow, Kubernetes, GCP, Milvus, Feast
합류하시면 이런 일을 함께해요 🚀
∙ 사용자 검색 경험 향상을 위한 검색 품질 개선 및 관련 ML 모델을 개발합니다.
∙ LLM 기반의 에이전트 및 유틸리티 도구를 개발합니다.
∙ 개인화 추천·검색·광고 분야에서 AI를 활용한 데이터 프로덕트를 개발합니다.
∙ 검색·추천 시스템의 End-To-End ML Pipeline을 관리하고 개선합니다.","∙ AI 서비스 개발 경력 2년 이상 혹은 이에 준하는 경험/역량이 있으신 분
∙ 다양한 문제를 프로덕션 레벨에서 AI를 통해 풀어 보신 경험이 있으신 분
∙ 검색 또는 LLM 분야의 기술을 프로덕션 환경에서 활용해본 경험이 있으신 분
∙ ML/LLM 관련 기술(PyTorch, HuggingFace 등)을 능숙하게 다룰 수 있으신 분","∙ 프롬프트 엔지니어링, RAG 파이프라인 구성, 품질 평가 및 최적화 등을 경험해 보신 분
∙ AI 관련 프로젝트를 통해 유의미한 비즈니스 임팩트를 만들어 본 경험이 있으신 분
∙ AI 논문에서 핵심 개념을 이해하고 구현할 수 있으신 분
∙ AI 알고리즘 개발 경험과 MLOps에 대한 이해가 있으신 분
∙ GCP, AWS 등 클라우드 서비스 사용 경험이 있으신 분","전형 프로세스 : 서류 전형 ＞1차 실무인터뷰 > 2차 컬쳐인터뷰 > 최종 합격
채용 프로세스는 상황에 따라 변경 및 추가될 수 있습니다.
각 전형 결과(합격/불합격)에 관계 없이 모든 지원자분들께 1~2주 이내에 개별 연락드립니다.
정규직의 경우, 3개월의 수습기간이 적용됩니다. 이 기간 동안 급여는 100% 지급되며 평가에 따라 수습이 연장되거나 종료될 수 있습니다.
채용 진행 과정에서 제출한 이력서·증빙자료 등에서 사실과 다른 정보 및 허위 기재 사항이 발견될 시 합격이 취소될 수 있습니다.",,"서울특별시 강남구 테헤란로98길 8, KT&G 대치타워 라포랩스",
(주)로민,2025.06.30,2025.06.30 D-50,PM/PO,3 ~ 15년,서울,정규직,"로민은 국내 Document AI 솔루션 공급 1위 기업으로, Document AI 기술을 통해 문서 중심 업무를 혁신하는 인공지능 기술 기업입니다.
로민이 자체 개발한 Document AI 플랫폼 Textscope® Studio는 문서를 읽고(Read), 이해하고(Understand), 활용(Act)하며, 고객 데이터를 기반으로 AI 모델을 학습(Learn)시키고 운영하는 통합 솔루션입니다. 이를 통해 금융, 공공, 제조, 무역 등 다양한 산업에서 사람이 직접 읽고 정보를 추출하던 반복적이고 비효율적인 문서 업무를 정교하게 자동화해, 업무 효율성과 정확성을 높이며 디지털 전환을 앞당기고 있습니다. 이러한 기술력과 성과는 글로벌에서도 인정받아, 글로벌 IT 리서치 기업 가트너(Gartner)의 '지능형 문서 처리 플랫폼(IDP)' 보고서에서 대표 기업으로 선정되었으며, 엔비디아(NVIDIA) 스타트업 엘리트 프로그램에도 참여하고 있습니다.
로민에서 일한다는 것은 성장하는 AI 시장의 최전선에서 문서 자동화의 미래를 함께 만들어가는 일입니다. 국내 최고 수준의 AI 전문가들이 모여 최신 기술을 연구하고 실제 비즈니스 문제를 해결하는 문서 AI 전문가 그룹으로, 단순히 기술을 개발하는 것을 넘어 고객의 일상과 업무 방식을 근본적으로 변화시키는 데 기여하고 있습니다.
로민과 함께 성장하며 새로운 변화를 주도하고 싶은 인재를 기다립니다.","이번에 모집하는 'PM' 포지션은 로민의 프로젝트를 총괄하여, 고객과 커뮤니케이션을 통해 개발 요구사항과 일정을 확정하고, 설계에서부터 테스트 및 프로젝트 종료까지 프로젝트 전반을 관리하실 분을 찾고 있습니다. 빠르게 성장하는 AI 산업에서 매출 확대와 함께 회사의 성장을 이끌어갈 인재를 모십니다.
• 프로젝트 일정, 품질, 리소스 관리 및 우선순위 조정
• 고객 및 시장 요구사항 분석, 기획 및 개선
• 제품 및 프로젝트 관련 문서 작성 (제품 요구사항, 산출물, 제안서 등)
• 제품 출시 전/후 사용자 미팅, 피드백 수집, 분석 및 개선
• 고객 기술 문의 대응
• 제품 및 프로젝트 프리세일즈
- 고객 요구사항 파악
- 공수 및 원가 산정
- POC(개념 검증) 기획, 운영 및 성과 관리","∙ PM 경력 3년 이상 또는 그에 준하는 실무 역량을 보유하신 분
∙ 다양한 이해관계자와 원활하게 커뮤니케이션할 수 있는 분
∙ SI 프로젝트 수행 경험이 있으신 분
∙ 문제를 데이터 기반으로 정의하고 해결해 나가는 데 익숙하신 분","∙ AI 또는 문서 처리 기반 제품의 PM 경험
∙ 기술 중심 스타트업에서의 근무 경험
∙ 신규 제품 또는 기능을 제로에서 런칭해본 경험
∙ CS 및 AI 기술에 대한 이해도가 있는 분
∙ 복잡한 문제를 논리적으로 구조화하고 명확하게 전달할 수 있는 분
∙ 빠르게 변화하는 환경 속에서 주도적으로 우선순위를 설정하고 실행하는 분
∙ 회사의 방향성과 목표에 공감하고, 제품을 통해 실질적인 비즈니스 성과를 만들어내고자 하는 분","1. 서류전형
2. Pre-interview (화상)
3. Interview (대면)
※ 지원자의 경험과 상황에 따라 채용 전형이 조정될 수 있습니다.","1. 자율과 책임에 근거한 근무 환경
• 자율적인 연차 사용
• 자유로운 복장
2.구성원의 성장을 응원합니다
• 아낌없는 장비 지원
• 성장 지원: 세미나, 교육, 자격증 응시료 및 도서 구입 지원
3. 음료 및 간식 제공
4. 기타
• 경쟁력 있는 연봉 및 보상
• 야근 시 야근비, 저녁 식사, 택시비 지원
• 근속기간에 따른 유급휴가 및 휴가비 지원","서울 서초구 방배천로2길 10, 7층",
(주)미리디,2025.07.31,2025.07.31 D-81,백엔드 개발,6년 이상,서울,정규직,"| 회사 소개
""전 세계로 확장 중인 디자인 올인원 플랫폼""
미리디는 `모두가 쉽게 디자인을 통해 세상과 소통하게 하자`는 미션 아래, 1,600만 고객이 사랑하는 올인원 디자인 플랫폼 `미리캔버스`와 국내 1위 온라인 PoD(Print of Demand) 커머스 서비스 `비즈하우스`를 통해 누구나 자신의 아이디어를 손쉽게 실현할 수 있도록 돕고 있습니다.
21년도부터 매년 60% 이상의 매출 성장을 이뤄오며, 24년에 200억 규모의 시리즈 B 투자 유치를 성공적으로 완료하고 2년 연속 흑자 전환에 성공했습니다. 빠르게 성장하는 팀의 일원으로서, 전 세계에 우리의 서비스를 알리고 글로벌 디자인 표준 기업으로 도약하는 미래를 함께 만들어 갈 동료분을 기다리고 있습니다!
[미리캔버스]
누구나 디자인을 통해 자신의 이야기를 표현할 수 있는 세상을 꿈꿉니다. 디자인 지식이 없어도 다양한 템플릿과 요소로 나만의 창의적인 작품을 만들 수 있습니다. 2025년 기준 가입자 1600만명을 돌파한, 한국인이 가장 사랑하는 디자인 플랫폼, 미리캔버스로 자유로운 표현의 세상을 경험해보세요.
[비즈하우스]
15만 개 이상의 샘플 디자인과 3D/AR 뷰어 등 획기적인 인쇄 경험을 제공하며 매년 35%이상 성장하는 온라인 POD 서비스! 더욱 많은 고객들을 위한 프린팅 플랫폼으로 거듭나며 일본, 미국 배송을 시작하였어요.
|  미리디 백엔드 팀, 어떤 팀일까요?
""좋은 질문이 좋은 팀을 만든다고 믿어요""
• 미리디 백엔드 팀은 단순히 기술을 구현하는 팀이 아니라, 서비스와 사용자에 대한 깊은 이해를 바탕으로 더 나은 방향을 함께 고민하는 팀입니다.
• 아래 인터뷰를 통해 미리디 백엔드 팀의 일하는 방식과 기술적인 방향성을 미리 만나보세요!
백엔드 팀 리드 인터뷰 보러 가기 (
https://www.miridih.com/devinterview1)","|  미리캔버스 ​합성팀이 해결하려는 ​문제
• 프론트엔드 팀과 백엔드 팀 간의 효율적인 협업
합성팀은 BFF(Backend For Frontend) 역할을 수행하며, 프론트엔드에서만 필요한 데이터를 백엔드를 거치지 않고 직접 가공하고 제공합니다. 반대로 백엔드 전용 리소스는 자동화된 시스템을 통해 일괄 처리하여, 전체 시스템의 연결 비용을 낮추고 생산성을 향상시키는 데 집중합니다.
• 고속 렌더링 파이프라인 구축과 성능 병목 해소
‘합성’이란 사용자의 디자인 결과물을 기반으로 이미지, 문서, 영상 등의 출력물을 서버에서 렌더링하는 작업을 의미합니다. 이 과정은 Puppeteer 기반의 브라우저 자동화, FFmpeg 기반의 동영상 처리, POI/PDFBox 기반의 문서 렌더링 등을 포함하며, 성능 병목 해소와 병렬 처리 최적화가 핵심 과제입니다.
매일 수십만 건에 달하는 실시간 렌더링 요청(이미지·PDF·동영상 등)을 처리하기 위해, 대용량 병렬 처리 시스템, 결과 캐싱, 효율적인 작업 큐 아키텍처가 요구됩니다.
• 렌더링 정합성 검증
단순히 결과물을 빠르게 생성하는 것을 넘어, 실제 미리캔버스 에디터와의 출력 정합성을 확인하고, 배포 전 자동화된 합성 테스트를 통해 정확한 사용자 경험을 보장해야 합니다.
• 비즈하우스 인쇄출력
비즈하우스 개발팀과 협업하여 100종 이상의 인쇄 상품별 스펙에 맞는 출력물을 제작하며, 각 업체의 출력 사양(해상도, 포맷, 레이아웃 등)에 정합한 이미지를 자동으로 생성합니다. 이는 대량 맞춤형 출력을 지원하는 중요한 백엔드 기능입니다.
""미리디에서 이런 일들을 함께 하고 싶어요""
• 백엔드 시스템 및 API 개발
-Node.js 기반의 NestJS 프레임워크를 활용하여 도메인 기반으로 아키텍처를 모듈화하고 분리함으로써, 유지 보수성과 확장성을 높이는 구조 설계에 기여합니다.
-DocumentDB와 Mongoose를 기반으로 성능 중심의 데이터 스키마 설계와 인덱스 최적화를 수행하여, 대용량 데이터에서도 빠르고 정확한 응답을 보장합니다.
• 비동기 처리 및 렌더링 파이프라인
-BullMQ, ElastiCache, AWS SQS 기반의 고성능 작업 큐 시스템을 구성 및 운영하여, 수십만 건의 합성 요청을 안정적으로 처리합니다.
-Puppeteer 기반의 이미지 렌더링 서버를 운영하며, 사용자의 시각적 기대에 부합하는 고품질 결과물을 제공합니다.
-FFmpeg를 활용한 동영상 렌더링 및 변환 기능을 통해, 애니메이션 움직임을 효과적으로 전달할 수 있는 동적 콘텐츠 생성을 지원합니다.
-Apache POI / PDFBox 기반의 문서 생성 기능을 구현하여, PDF 뷰어 및 Microsoft PowerPoint에 호환되는 PDF, PPTX 등의 문서 기반 출력물을 제공합니다.
• 인프라/운영 자동화
-AWS S3, ECS를 연동하여 출력물 저장부터 배포까지의 과정을 자동화하고, 신뢰할 수 있는 인프라 운영 환경을 구축합니다.
-장애 감지 및 대응, 재처리 로직, 로깅 체계를 설계함으로써, 문제 발생 시 빠르게 복구 가능한 시스템 안정성을 확보합니다.
• 품질 및 테스트
-Datadog 기반 APM 및 분산 트레이싱을 통해, 병목 지점을 실시간으로 파악하고 시스템 성능을 지속적으로 개선합니다.
-단위 테스트 및 합성 정합성 테스트를 자동화하여, 배포 전 품질 검증을 체계적으로 수행하고 신뢰도 높은 결과물 제공에 기여합니다.
• 팀워크와 성장 문화
-코드 리뷰와 기술 토론을 통해 개인의 코드 품질을 높이고, 팀의 기술 역량을 함께 성장시킵니다.
-기술 방향성과 표준을 논의하고 문서화하여, 지속 가능한 개발 환경과 팀의 장기적 성장을 뒷받침합니다.","""이런 분이라면 목표 달성에 확신을 얻을 것 같아요""
• NestJS 기반의 백엔드 서버를 설계 및 개발한 실무 경험이 있으신 분
• RESTful API 설계 및 요청/응답 스펙 설계 경험이 있으신 분
• MongoDB/DocumentDB 등 NoSQL 데이터베이스에 대한 설계 및 최적화 경험이 있으신 분
• BullMQ, ElastiCache/Redis, 또는 SQS 등의 큐 시스템을 활용한 비동기 작업 처리 경험이 있으신 분
• APM(DataDog, NewRelic 등)을 활용한 서비스 성능 모니터링 및 지표 분석 경험이 있으신 분
• 자료구조, 운영체제, OOP, 네트워크 등 핵심 CS 지식에 대한 탄탄한 기반을 보유하신 분
• AWS 클라우드 환경에서의 서비스 운영 및 배포 경험이 있으신 분","""이런 분이라면 장기적으로 서로에게 더 긍정적일 것 같아요!""
• Puppeteer, FFmpeg, Apache POI, Apache PDFBox 등 미디어·문서 렌더링 라이브러리를 실무에 활용해보신 분
• 외부 라이브러리의 내부 구조를 분석하고 디버깅하며 문제 해결이 가능하신 분
• Node.js 어플리케이션의 CPU/메모리 사용량 측정, 병목 분석, 성능 최적화에 대한 경험이 있으신 분
• DevOps, 운영 자동화, 로그 및 장애 대응 시스템을 직접 설계하거나 운영해본 경험이 있으신 분
• 클린 코드, SOLID, 디자인 패턴 등 설계 원칙을 코드에 적용할 수 있으신 분
• 코드 리뷰와 리팩토링을 통해 코드 품질을 지속적으로 개선하시는 분
• 개발 외 협업 부서와의 커뮤니케이션을 능동적으로 수행할 수 있는 분
• 기술 공유 및 팀 문화 개선에 관심이 있으며, 리더십을 발휘해 팀원과 함께 성장하고자 하는 분
| 미리디에서 활용하는 기술 스택
미리캔버스 합성팀은 최신 기술을 적극적으로 도입하며, 팀원들과 함께 최적의 스택을 고민하고 적용합니다.
• 코어: JavaScript/Typescript, Node.js, NestJS
• 미디어 렌더링: Puppeteer, FFmpeg, Apache POI, Apache PDFBox
• 큐 시스템: BullMQ(ElastiCache 기반), AWS SQS
• DB: DocumentDB
• 빌드: Webpack
• CI/CD: GitHub Actions
• 배포/운영: AWS ECS (EC2, Fargate), S3, CloudFront, Datadog
• 테스트: Jest(Unit & E2E), 합성 정합성 테스트 시스템
|  이력서에 이런 내용을 함께 공유해주시면 좋아요!
""지원자님의 이야기를 통해 더 깊이 이해하고 싶습니다.""
• 단순히 어떠한 기술을 사용할 줄 아는지 에 대한 내용보다, 다양한 기술을 어떻게 활용하여 어떠한 문제를 해결했는지 경험에 기반하여 서술해주시면 좋아요.
• 지원자님의 경력 중 가장 임팩트 있었던 경험이나, 큰 실패를 극복한 과정에 대해 공유해 주세요.
• 오픈소스 라이브러리 기여 경험이나, 코드 분석 후 적용 경험이 있다면 알려 주세요.
• 팀의 생산성을 저하시키는 문제를 발굴하고 개선한 경험이 있다면 서술해주시면 좋아요.","|  기타 사항
• [서류 전형] - [1차 인터뷰] - [2차 인터뷰] - [처우 협의] - [입사] 의 프로세스로 진행됩니다.
• 서류는 원활한 검토를 위해 PDF 형식으로 제출 부탁 드립니다.
• 2차 인터뷰의 경우, 직무/직급에 따라 생략될 수 있습니다.
• 직무에 따라 코딩테스트, 과제 전형이 추가될 수 있습니다.
• 직급에 따라 인터뷰 후 레퍼런스 체크 전형이 추가될 수 있습니다.
• 입사 후 3개월의 수습 기간 및 수습 평가가 진행됩니다. (급여 100%)
• 서류 전형 결과 안내까지는 최대 2주, 인터뷰 결과 안내까지는 최대 3주가 소요됩니다.
• 여러 포지션에 동시에 지원해주시는 것은 가능하지만 동일한 포지션의 경우 최종 결과 안내를 받은 시점으로부터 6개월 후에 재지원이 가능합니다.","""미리디는 복지를 통해 나눔의 경영을 실현하고 있습니다.""
[자율과 책임의 근무환경을 제공합니다.]
• 유연근무제도 - 시차출퇴근 (오전 8~11시)
• 자유로운 휴가 사용
• 경조사 휴가지원
• 3년 근속 시 리프레시 휴가 제공
[배움과 성장, 행복을 지원합니다.]
• 업무 관련 비용 100% 지원
• 업무 도서 구입비 무제한 지원
• 외부 교육 및 기술 세미나 적극 참여 독려
[열일하는 미리인 굶길 수 없다! 삼시세끼 지원]
• 아침, 점심, 저녁 식사비 지원
• 제휴 카페 포인트 지원
[미리인의 회사 적응과 단합을 지원합니다.]
• 직급 없이 수평적인 문화 지향
• 신입사원 OJT, 적응 프로그램 지원
• 미리인 동호회 지원
• 분기별 문화이벤트 회식 지원","서울시 구로구 디지털로31길 12, 8층 (구로동, 태평양물산)",
(주)바비톡,2025.08.05,2025.08.05 상시 채용,프론트엔드 개발,5 ~ 7년,서울,정규직,"""대한민국 1등 성형/시술 정보플랫폼 ‘바비톡’""
바비톡은 국내외 총 14개 계열사를 운영하는 원익그룹에 편입되어 탄탄한 자본 구조를 바탕으로 미용/의료 시장의 패러다임을 만들어 가고 있습니다. 뛰어난 역량과 열정을 바탕으로 대한민국 1등 성형/시술 정보 플랫폼 바비톡과 함께 혁신적인 미래를 만들어갈 인재를 찾습니다.
[바비톡 미션&비전!]
• 정보 비대칭이 심한 성형/뷰티 의료 시장에서 서비스 이용자가 올바른 선택을 할 수 있도록 균형 잡힌 정보 제공을 통해 고객 가치를 창출하고 있습니다.
• 바비톡은 무분별한 성형을 지양하고 올바른 성형 문화를 만들기 위해 앞장서서 노력합니다.
• 단기적인 사업적 가치에 매몰되지 않고, 고객 가치 극대화를 최우선 순위로 두어 성형을 고민하고 있는 많은 분들이 팬이 되고, 성형 시술 고민 전에 꼭 확인하는 서비스가 되고자 합니다.
[바비톡의 성과 및 목표]
[1] 국내 1위 성형/뷰티 정보플랫폼
• 2024년 매출 약 300억, 영업이익 약 44억의 우수한 재무실적과 2025년 2월 기준 누적 다운로드 800만, 월간 방문자 수 40만 명의 트래픽을 보유하고 있으며 사용 시간 기준 점유율 57%의 대한민국 1등 성형/시술 정보 플랫폼입니다.
• 지난 5년 간 연평균 매출 성장률 17%, 연평균 영업이익 성장률 52%를 기록하며 외형과 수익성 모두 급격히 증대하고 있습니다.
• 2025년 2월 기준 약 3,300여 곳의 병원과 의사 제휴를 맺고 있으며, 누적 성형 게시글은 350만 건에 이르고 1만 개의 성형 및 시술 이벤트를 진행 중입니다.
• 일 평균 3,000개의 게시글과 2만 여 개의 댓글이 작성되며 사용자들의 활발한 활동이 이루어지고 있습니다.","• 웹 전반의 Frontend 개발 및 관련 도구 개발
• 백오피스용 웹 페이지 개발
• 모바일용 웹 뷰 개발
• 재사용 및 테스트 가능한 공용 웹 컴포넌트/프레임워크 설계 및 개발
• 서비스 성능/사용성에 대한 모니터링과 버그 트랙킹을 통한 시스템 유지보수","• 5년 이상의 프론트엔드 개발 경험
• React/Next.js 기반 웹앱 개발 경험 및 설계 능력
• 애자일 방법론(Scrum, Kanban) 기반의 개발 경험이 있으신 분
• 자바스크립트에 대한 전반적인 경험
• 테스트 기법에 대한 지식 및 적용 경험
• 적극적으로 문제를 발견, 공유하고 해결하는 능력
• 디자인 시스템 컴포넌트 모듈화 및 라이브러리화 경험
• AWS 기반 웹앱 배포 및 글로벌 웹서비스 운영 경험","• 디자인 패턴에 대한 지식 및 높은 코드 퀄리티에 대한 관심과 경험
• 웹앱의 퍼포먼스 모니터링 및 최적화 경험
• Typescript에 대한 전반적인 지식 및 사용 경험
• 웹프로젝트 빌드 및 CICD에 대한 경험
• UI / UX에 대한 관심 및 개선 노력
• 새로운 기술을 탐구하고 도입하는 능력","• 서류 전형 → 1차 인터뷰 → 2차 인터뷰 → 처우 협의 → 입사
• 특정 포지션에 한해 추가 인터뷰가 진행될 수 있습니다.","[1] 유연한 근무 환경
• 오프라인 사무실 운영(강남역 도보 5분 /신분당선 강남역 1분 거리)
• 시차출퇴근제 운영
• 자유로운 연차 사용 가능
• 간식, 음료 비치
[2] 든든한 식사&건강 지원
• 점심 식대 지원
• 과일 배송
• 건강검진 지원
[3] 경쟁력 있는 보상
• 평가에 따른 인센티브 지급
• 인재 추천 시 보상금 및 감사금 지급
[4] 각종 복지 및 지원
• 통신비 지원
• 리프레쉬 휴가 제도
• 경조사 지원, 명절/생일 축하금 지급
• 최신 장비 지원
• 직무관련 교육비 지원
[기타]
• 전형 결과는 지원서에 등록하신 이메일을 통해 안내해드립니다.
• 지원서 내용 중 허위 사실이 발견 될 경우 합격이 취소될 수 있습니다.
• 채용서류 반환 고지 : (오프라인 제출에 해당) 채용절차의 공정화에 관한 법률 제11조 5항에 따라 해당 공고의 채용 여부가 확정된 이후 14일 이내에 반환을 요청할 수 있습니다.
반환을 희망하실 경우, 바비톡 채용 메일 계정으로 문의하여 반환을 청구해 주시기 바라며, 접수 후 14일 내 요청 서류를 등기 우편으로 발송해 드립니다. 오프라인으로 제출한 서류는 당사자가 반환을 청구하지 않을 경우 14일까지 보관된 후 파기됩니다.
※ 제외 대상 : 채용절차의 공정화에 관한 법률 제11조 1항 의거하여 홈페이지(구직사이트) 또는 전자우편으로 제출된 경우 또는 구직자가 회사의 요구 없이 자발적으로 제출한 경우에는 해당하지 않습니다. 해당 서류는 바비톡 개인정보처리방침에 따라서 보유 된 후 파기됩니다.
[2] 든든한 식사&건강 지원
• 점심 식대 지원
• 과일 배송
• 건강검진 지원
[3] 경쟁력 있는 보상
• 평가에 따른 인센티브 지급
• 인재 추천 시 보상금 및 감사금 지급
[4] 각종 복지 및 지원
• 통신비 지원
• 리프레쉬 휴가 제도
• 경조사 지원, 명절/생일 축하금 지급
• 최신 장비 지원
• 직무관련 교육비 지원
[Etc]
• 전형 결과는 지원서에 등록하신 이메일을 통해 안내해드립니다.
• 지원서 내용 중 허위 사실이 발견 될 경우 합격이 취소될 수 있습니다.",서울시 서초구 강남대로 363 363타워 11층,
(주)버즈니,2025.07.21,2025.07.21 상시 채용,백엔드 개발,경력무관,서울,정규직,"■ 버즈니 소개
버즈니는 인공지능 기술 기반 서비스 회사입니다. 2008년 세계 검색 대회 TREC 에서 1위(KLE팀)를 하면서 남다른 기술 DNA를 가지고 시작했습니다. 이후 모바일 시대에는 모바일 커머스 플랫폼 ‘홈쇼핑모아’로 성장했으며, 그 과정에서 이커머스에 필요한 다양한 커머스 AI기술들을 개발해 왔습니다.
AI라는 큰 시대적 흐름에 맞춰 지난 2020년에는 버즈니 AI Lab을 출범하면서 다양한 커머스 AI 기술을 선도적으로 연구개발하고 있습니다. 2024년에는 커머스AI 기술을 누구나 쉽게 구독하여 비즈니스 효과를 만들 수 있는 커머스AI 구독 비즈니스 ‘에이플러스 AI’를 시장에 제공하며 빠르게 성장하고 있습니다.
올해 모바일 커머스 플랫폼 ‘홈쇼핑모아’는 버즈니의 커머스AI 기술로 새로운 성장 동력을 얻고 있습니다. 버즈니의 신규 비즈니스인 커머스AI 구독 서비스 ‘에이플러스 AI’도 대형 이커머스사를 주요 고객사로 확보하면서 새롭게 성장하고 있는 국내 커머스AI 구독 서비스 시장을 빠르게 선점하고 있습니다.
■ 버즈니가 걸어온 성장의 즐거움
•2024 커머스AI 구독 서비스 'APlus AI' 런칭
•2023 쇼핑 GPT  '옥순AI' 베타 서비스 런칭
•          홈쇼핑모아 1500만 누적 다운로드 돌파
•2022 홈쇼핑모아, 현대홈쇼핑과 더블유쇼핑 상품 바로결제 도입
•2021 일생활균형 서울형 강소기업 선정
•2020 아시아 태평양 고성장 기업 20202 선정
•2019 대한상공회의소 일하기 좋은 중소기업 선정
•2019 고용노동부 일생활 균형 우수기업 선정","에이플러스 그리고 AI 검색&추천 스쿼드를 소개합니다.
에이플러스는 고객이 손쉽게 비즈니스에 AI 를 활용하여 혁신적인 비즈니스 성과를 창출하도록 돕고 있습니다. 이를 더 잘 할 수 있는 배경에는 18년전에 포스텍 연구실에서 창업한 이후, 홈쇼핑 통합 1위 서비스 “홈쇼핑모아”를 통해서 실제 비즈니스 성과를 창출하는 수많은 AI 기술들을 실전에 적용한 경험이 있습니다. 그 결과 에이플러스 출시 1년만에 10배 이상 고속 성장을 하면서 CJ온스타일, 쇼핑엔티, 신세계라이브쇼핑, SK스토아, 풀무원 등 엔터프라이즈 이커머스사 9개사에 15개 SaaS 구독 제품을 공급하며 고객들의 매출 향상, 비용 절감, 효율성 향상을 돕고 있습니다.
에이플러스 조직중 검색&추천 스쿼드는 이커머스 고객들의 매출을 폭발적으로 증가 시켜주는 강력한 검색&추천 엔진을 만들고 있습니다. 실제 도입한 고객사들은 40%~350%의 놀라운 매출 증가를 이루어 내면서, 고객들에게 감동을 주는 서비스를 만들어 나가고 있습니다.
이런 성장 가능성을 가지고 있습니다.
-커머스 서비스에서 가장 널리 사용되는 검색 시스템을 A부터 Z까지 직접 설계하고 구현해볼 수 있습니다.
-다양한 검색·추천 전문 기업들과의 성능 비교 PoC(Proof of Concept)를 통해 지속적으로 성장할 수 있는 기회가 주어집니다.
-여러 PoC에서 타 솔루션 대비 우수한 성능을 입증한 검색·추천 모델을 보유하고 있으며, 이를 함께 개선해 나갈 동료를 찾고 있습니다.
-수백만 명 이상의 사용자 트래픽을 처리하는 서비스의 운영 경험을 쌓을 수 있습니다.
이런 분과 함께 하고 싶습니다.
-복잡한 또는 똑똑해 보이는 코드가 아닌 단순하고 명확한 코드를 작성할 수 있으며, 단순한 설계의 가치를 이해하는 엔지니어링적 사고를 지닌 분
-기술적인 문제 해결을 넘어 현실적인 문제 해결을 바라보며 때로는 기술을 쓰지 않고도 해결책을 제시할 수 있는 분
-추측에 의존하며 감각으로 개발하는 것이 아닌 정확히 동작하는 소프트웨어를 작성할 줄 아는 분
-코드 리뷰 등 협업 과정에서 상호 존중을 바탕으로 자유롭고 건강한 피드백을 주고받을 수 있는 분
-책임감을 가지고 일하며, 팀과 제품의 성장을 함께 이끌어갈 수 있는 분
이런 일을 담당합니다.
-검색 백엔드 시스템 개발
-검색 관련 인프라 운영 관리","상용 서비스를 개발하고 운영해본 경험이 있거나, 빠르게 실무 역량을 발휘할 수 있는 분","-다른 사람이 작성한 코드의 구조와 로직을 빠르게 이해하고, 필요 시 효과적으로 리팩터링할 수 있는 역량을 갖추신 분
-백엔드 개발 실무 경험이 2년 이상 있으시거나, 이에 준하는 기술적 이해도를 보유하신 분
-Elasticsearch를 활용하여 검색 또는 분석 시스템을 구축한 경험이 있으신 분
-테스트 코드의 중요성을 인지하고, 상황에 맞는 테스트를 개발 과정에 자연스럽게 통합하실 수 있는 분
-빌드, 테스트, 배포의 자동화(CI/CD) 환경을 구성하고 운영해본 경험이 있으신 분
-Kubernetes 등 컨테이너 오케스트레이션 환경에 대한 이해와 실무 경험이 있으신 분
-AWS 기반의 인프라 환경에서 서비스 운영 경험이 있으신 분
기술스택
프로그래밍 언어: Python
인프라: AWS, Amazon EKS, Kubernetes On-Premises (hybrid)
모니터링: Sentry, Elastic Stack, Prometheus & Grafana
데이터베이스: Postgres, Redis, MongoDB",서류 접수 > 과제 테스트 > 직무 인터뷰 > 경영진 인터뷰 > 최종 합격,,"서울시 관악구 남부순환로 1832 오선빌딩 11,12,14층",
(주)뷰노,2025.07.03,2025.07.03 상시 채용,프론트엔드 개발,5 ~ 13년,서울,정규직,"뷰노(VUNO)는 2014년 12월 창업한 의료인공지능 전문 기업으로 국내 1호 인공지능 의료기기를 선보였습니다. 의료영상(X-ray, CT, MRI)과 생체신호(호흡, 맥박, 혈압, 심전도) 등 다양한 의료 데이터를 분석해 의료진의 진단을 돕는 소프트웨어를 개발합니다. 국내 최다 의료기관 도입으로 높은 임상 유효성을 입증했으며, 우수한 인공지능 기술력을 바탕으로 의료 현장의 혁신을 일으키고 있습니다. 2021년 코스닥 시장에 상장한 뷰노는 2025년 글로벌 의료인공지능 선도 기업으로 입지를 다지고 있습니다.
뷰노의 ​SW개발자는 뷰노의 ​제품 ​개발의 전 ​과정에 ​참여하여 ​기획자, 디자이너, DL연구원, ​QA ​등 다양한 업무 ​조직과 ​긴밀한 ​협조를 통해 고품질의 ​SW와 서비스를 ​개발하는데 ​기여합니다.","• Deep Learning모델을 기반으로 하는 의료 SW제품의 Frontend를 개발합니다.
• 다양한 요구사항을 반영한 제품 기획과 설계에 함께 참여합니다.
• 제품의 성능과 안정성을 높이기 위한 체계적인 시스템을 구축합니다.
• 의료 가이드라인에 맞춰 제품을 개발합니다.
(*업무와 관련된 출장이 있을 수 있습니다.)","• 코딩 잘하시는 분 우대합니다. 코딩 잘하시면 다른 조건이 부족해도 좋습니다.
• Computer Science에 대한 기반 지식을 보유하신 분
• 코드를 아름답게 작성하는 성향이 있으신분. (Software Engineering에 관심 있으신 분)
• 원리를 파악하고자 하고, 깊이 고민하며 개발하는 분
• 5년 이상의 Frontend SW개발 관련 경력을 보유하신 분
• Reactjs, Angular.js, Vue.js 등 App framework 기반의 SPA (Single Page Application) 서비스 개발 경험이 있으신 분
• 함께 일하는 분들과 커뮤니케이션이 원활하고 자주 소통하는 분","• JavaScript 전문가
• 취미로도 개발을 할 정도로 개발을 사랑하시는 분
• RESTful API에 대한 이해와 연동 경험이 있으신 분
• Typescript / React Hook 에 대한 이해 및 활용 경험이 있으신 분
• 웹 성능 최적화 및 디버깅 경험이 있으신 분
• 반응형 디자인을 고려한 UI / UX 개발 경험이 있으신 분
• UI/UX 설계 프로세스 참여 경험
• 다중 플랫폼 개발 경험
• Git / Jira 기반의 협업 프로젝트 경험이 있으신 분
• EMR 개발, HL7, FHIR, DICOM 등 의료관련 정보의 이해 및 경험이 있으신 분
• 새로운 기술과 지식을 배우는 것에 열정이 있으신 분","○ 본 포지션은 채용 시 마감됩니다.
○ 본 포지션은 [서류전형] →[코딩테스트] → [온라인 인성검사 및 면접] → [최종합격] 순으로 진행 됩니다.
* 채용 절차 별 상세 내용은 대상자분들에게 별도 안내 드리고 있습니다.
* 코딩테스트 결과에 따라 면접 여부가 결정됩니다.
﻿	* 온라인 인성검사로 면접 진행 여부가 결정되는 것이 아님을 안내 드립니다.
[공통자격]
○ 해외여행에 결격사항이 없는 분
○ 남성은 병역필 또는 면제자
○ 취업보호대상자는 관련 법규에 의거하여 우대합니다.
[기타사항]
○ 수습기간 3개월 후 본채용 여부가 결정됩니다.
○ 제출한 서류가 사실과 다른 경우 합격(입사)이 취소될 수 있습니다.
○ 제출서류는 관계법령에 따라 파기 및 반환합니다.
○ 궁금한 점이 있으신 경우 apply@vuno.co로 문의 부탁드립니다.","○ 식사와 간식은 뷰노가 책임을
- 회사 인근 식당 뿐 아니라 배달도 원하는 대로, 점심식사와 저녁식사 비용 지원
- 라운지에 마련된 Snack Zone에서는 다양한 간식과 음료, 커피머신 구비
○ 땐 쉬고, 일할 땐 집중할 수 있도록
- 동료들과 함께 이야기를 나누고, 잠시 쉬어갈 수 있는 안마의자와 휴게공간
- 마음의 양식을 쌓을 수 있는 독서 공간
- 일정기간 재직하여 열심히 달려온 구성원에게, 근속 3년마다 Refresh 휴가 10일 제공
○ 자율과 효율이 보장되는 업무 환경
- 시간을 효율적으로 활용할 수 있는 유연근무제
- 승인없이 미리 공유하고 자율적으로 사용하는 휴가
- 모든 구성원을 '~샘'으로 호칭
- 구성원을 존중하고 자율과 책임 하에서 효율적으로 근무할 수 있는 환경 마련
○ 더욱 다양한 복리후생
- 입사 시 웰컴키트 뿐 아니라, 데스크테리어를 위한 복지포인트를 추가 제공
- 원하는 복지를 선택하여 이용할 수 있는 선택적 복리후생제도 운영
- 구성원과 함께 취미활동을 즐길 수 있는 사내 동호회 지원
- 기쁨과 슬픔을 함께 나눌 수 있도록 경조 지원 제공
- 늦은 퇴근 시 안전한 귀가를 위한 택시비 지원","서울 서초구 강남대로 479, 9F (반포동)",25156626
(주)센트비,2025.08.03,2025.08.03 상시 채용,"백엔드 개발, 소프트웨어 개발",3 ~ 10년,서울,정규직,"""A World without financial borders.""
2015년에 설립된 센트비(SentBe)는 ‘A World without financial borders’을 만들겠다는 미션 하에 개인 및 기업 모두를 위한 혁신적인 해외 송금 및 결제 서비스를 제공하는 글로벌 외환 토탈 솔루션 기업(Global FX total solutions provider)입니다.
[센트비안은 이렇게 일합니다]
■ Professional
• 각 분야의 전문가가 되어 더 나은 서비스를 제공하기 위해 무엇을, 어떻게, 왜 해야 하는지에 대해 끊임없이 고민하며 일합니다
■ Proactive
• 지금에 만족하지 않고 더 멀리 내다보며 더 높은 성과를 위해 자율적으로 움직이는 문화 속에서 일합니다
■ Customer-Centric
• 우리의 고객을 정의하고 고객 중심적인 서비스 제공을 최우선으로 생각하며, 고객 가치 향상을 위해 일합니다
[SentBe Backend팀을 소개합니다]
안녕하세요! SentBe Backend팀 Lead Oliver입니다. 저희 팀은 글로벌 송금 서비스를 안정적이고 효율적 으로 운영하기 위해 열정을 다하고 있습니다. 저희는 배움에 열정적이고, 도전을 즐기며, 함께 성장하는 인재를 찾고 있습니다. 최고의 팀과 함께 의미 있는 개발을 하고 싶다면? 지금 바로 저희와 함께하세요! 🚀
(팀 강점)
- 확장성과 유지보수성을 고려한 백엔드 시스템 설계와 개발에 집중합니다
- 복잡한 금융 도메인 문제를 해결하고 최적의 솔루션을 찾아가는 전문성을 갖추고 있습니다
- 다양한 국가와 통화를 지원하는 글로벌 서비스 경험을 쌓을 수 있습니다
- 성장하는 서비스의 기술적 도전 과제를 함께 해결해나가는 보람이 있습니다
- 주도적으로 기술 스택을 발전시키고 개선할 기회가 열려있습니다
(팀 문화)
- 코드 리뷰를 통해 지식을 공유하고 함께 성장하는 문화를 만들어갑니다
- 이벤트 스토밍과 같은 워크샵을 주최하여 도메인에 대한 깊은 이해를 추구합니다
- 팀 세미나와 기술 공유 세션을 통해 함께 성장하는 환경을 지향합니다
- 기술적 의견 교환이 자유롭고 새로운 아이디어에 열려있습니다
- 개인의 성장이 곧 팀의 성장으로 이어진다고 믿습니다
[포지션 정보]
• 소속: SentBe Backend팀
• 고용 형태: 정규직 (3개월 시용기간, 급여 100% 지급)
• 근무지: 서울시 영등포구 여의대로 70 ONE CENTINEL (여의도역 도보 5분)","[기술 스택&사용 툴]
• Golang 1.22+
• Gin, gRPC, gRPC-Gateway
• AWS EKS(k8s), PostgreSQL, Redis
• Git, Docker, c, ArgoCD
• Jira, Confluence, Slack
[합류 후 담당 업무 입니다]
• SentBe 글로벌 송금 시스템의 핵심 백엔드 기능을 독립적으로 설계하고 개발합니다
• 복잡한 비즈니스 요구사항을 기반으로 안정적인 API 아키텍처를 설계하고 구현합니다
• 대용량 데이터베이스 스키마 설계 및 성능 최적화를 주도적으로 진행합니다
• 테스트 전략을 수립하고 엄격한 테스트 코드 작성을 통해 시스템 안정성을 확보합니다
• 레거시 시스템의 리팩토링을 책임지고 코드 품질 향상을 주도합니다
• 센트비 구성원이 사용하는 백오피스 도구를 설계부터 구현까지 담당합니다
• 팀의 개발 생산성 향상을 위한 자동화 도구 및 프로세스를 개발합니다","[이런 분을 모시고 있습니다]
• 백엔드 서비스 개발 경험이 3년 이상 있으시거나 그에 준하는 역량을 갖추신 분
• 복잡한 비즈니스 요구사항을 독립적으로 설계하고 구현한 경험이 있으신 분
• REST/gRPC API 아키텍처 설계 및 성능 최적화 경험이 있으신 분
• 테스트 주도 개발(TDD) 경험과 테스트 자동화 구축 능력이 있으신 분
• 레거시 코드 리팩토링 및 아키텍처 개선 경험이 있으신 분
• 기술적 의사결정에 참여하고 의견을 제시할 수 있는 분석력을 갖추신 분
• 팀 내 지식 공유 및 코드 리뷰를 통한 기술적 커뮤니케이션에 능숙하신 분","[이런 분이라면 더욱 좋습니다]
• Golang 프로덕션 환경 개발 경험이 1년 이상이신 분
• 대용량 데이터 처리 및 데이터베이스 최적화 경험이 있으신 분
• 대규모 트래픽을 처리하는 서비스 운영 경험이 있으신 분
• 도메인 주도 설계(DDD) 원칙을 적용한 경험이 있으신 분
• 마이크로서비스 아키텍처 설계 및 구현에 참여한 경험이 있으신 분
• 금융/핀테크 도메인 경험 또는 자신이 깊이 이해하는 특정 도메인 전문성을 갖추신 분
• Kubernetes 기반의 컨테이너 오케스트레이션 환경에서 서비스 배포 경험이 있으신 분
• 분산 시스템 환경에서의 데이터 일관성과 장애 복구 전략 경험이 있으신 분
• 시스템 모니터링, 로깅, 알림 설정 등 운영 환경 구축 경험이 있으신 분
• 주니어 개발자의 코드 리뷰 및 멘토링 경험이 있으신 분
• 존중과 배려를 기반으로 커뮤니케이션하며 계획을 바탕으로 투명한 공유를 통해 협업하시는 분
[지원 시 유의 사항]
• 동일한 포지션의 재지원은 결과 발표 시점 6개월이 지난 이후에 가능합니다
• 전형 진행 중 허위 사실이 있는 경우 전형 진행이 취소될 수 있습니다
• 취업보호대상자는 관련 법규에 의거하여 우대합니다","[채용 프로세스]
• 채용 과정: 서류 전형 ＞ 직무 인터뷰 전형 ＞ 컬처핏 인터뷰 전형 ＞ 처우 협의 ＞ 최종 합격
• 제출 서류: 경력 중심 이력서(필수), 포트폴리오, 자기소개서 (선택)
• 채용 절차는 상황에 따라 변경될 수 있습니다","1. 풍성한 사내 지원 제도
• 연 180만원 문화생활비 지원
• 야근 택시비, 식사비 지원
• 의료 복지/호텔 제휴 지원
• SentBe 서비스 송금 수수료 무료 쿠폰 제공
2. 다양한 휴가 지원 제도
• 겨울 방학 기간 (12.26 ~ 12.31)
• 징검다리 휴가
• 장기근속 대상자 리프레쉬 휴가 및 지원금 지원
3. 센트비안의 문화 활동
• 전사 타운홀 미팅 진행 (월 1회)
• 독서 모임 제도 운영",서울시 영등포구 여의대로 70 ONE CENTINEL,
(주)스푼랩스,2025.07.22,2025.07.22 상시 채용,"네트워크/보안/운영, 기술지원",3 ~ 10년,서울,정규직,"[What we do 우리가 하는 일]
<Spoon> 글로벌 오디오 콘텐츠 플랫폼, 스푼
2016년, 스푼은 보통의 소소한 이야기를 전화 통화하듯 목소리로 편하게 나눌 수 있게 해보자라는 아이디어로 시작되었습니다.
스푼은 이제 누구나 쉽고 편하게 오디오 방송을 할 수 있는 플랫폼에서, 사람들의 일상을 다채롭게 채워주는 오디오 콘텐츠 플랫폼으로 성장하고 있습니다.
• 스푼 서비스 글로벌 가입자 수 3,000만 돌파
• 스푼 서비스 한국, 일본, MENA, 대만 포함 총 24개국 진출
• 스푼 서비스 전 세계 월 100만명 사용
<Vigloo> 시원하게 넘기는 선 넘는 숏드라마 플랫폼, 비글루
2024년 7월, ‘비글루'는 2분 내외의 숏폼 드라마를 즐길 수 있는 비디오 플랫폼으로 7개 언어로 글로벌 론칭되었습니다.
시청자는 로맨스 학원물, 미스터리 스릴러, 예능 등 다양한 장르의 고퀄리티 독점 K-드라마 숏폼 콘텐츠를 다양한 언어로 즐기며, 취향에 맞는 프로그램을 맛보고 선택해 정주행할 수 있습니다.
더불어, 한국을 시작으로 일본, 미국에서 제작한 숏폼 드라마 콘텐츠를 제공하기 위해 도전하고 있습니다.
지난 수년간 스푼랩스는 안정적인 플랫폼 기술력과 의미 있는 해외 매출을 만들며 글로벌 사업 역량을 증명했습니다.
스푼랩스는 이러한 스푼의 성공 경험을 바탕으로, 글로벌 숏폼 비디오 플랫폼 비글루라는 새로운 도전을 이어가고 있습니다.
지금 이 순간에도, 스푼랩스는 오디오와 비디오를 아우르는 글로벌 콘텐츠 플랫폼 기업을 위한 도전을 멈추지 않고 있습니다.
======
[Why we do 우리가 일하는 이유]
• 스푼랩스의 미션: 재밌는 콘텐츠로 세상을 더 즐겁게
스푼랩스는 세상 사람들의 일상을 채울 수 있는 콘텐츠의 가능성을 제안합니다.
======
[How we do 우리가 일하는 방식]
도전을 두려워하지 않는 사람들이 모인 팀, 스푼랩스.
실패는 언제나 쓰고 아프지만, 실패에 굴복할지, 실패를 딛고 올라설지는 스스로 선택할 수 있습니다.
스푼랩스는 실패의 원인을 분석하고, 목표를 향해 다시 나아갈 의지가 있다면 성공할 수 있다고 믿으며, 그렇게 해왔고, 앞으로도 할 것입니다.
스푼랩스는 도전을 두려워하지 않는 사람들과 함께 꾸준히 나아가고 있습니다.
• 스푼랩스의 핵심가치: '우리는 어떻게 일을 해야 하는가?'에 대한 스푼랩스만의 철학과 원칙
피드백을 듣고 싶을 때, 저 지금 잘하고 있나요?
피드백을 들었을 때, 피드백 주셔서 고맙습니다!
말하지 않아도 알 것 같지만, 말하지 않으면 모른다
건강하게 충돌하되 결정되면 확실하게 지지한다
틀에서 벗어난 생각
절대 절대 절대 포기하지 않는다
셀프스타터: 스스로를 동기부여하고 절제하며 돌아보기
사용자가 아닌 팬을 만든다
======
[팀소개] 스푼랩스 SRE 팀을 소개합니다
""하고 싶고 필요한 건 “싹” 다 할 수 있다!"" 여러분들이 원한다면 클라우드 인프라부터 운영 시스템, 비지니스 개발 관련해서 모두 할 수 있도록 기회를 드리는 팀입니다
우리 팀 DBA는 이런 장점이 있어요!
• 지속 성장하는 스푼라디오 클라우드 (AWS) 인프라 운영을 하며 글로벌 서비스 아키텍처 구축 및 운영을 배워요.
• 효율적인 IT 인프라 구축을 위해 다양한 오픈 소스를 활용해요.
• 개발 업무와 운영 업무를 유기적으로 수행하는 Database 환경을 경험해요.
• 다양한 작업을 코드화(Shellscript / Python)하여 작업해요.
• ERD를 효과적으로 관리 하기 위해 3rd party tool을 활용하여 작업해요.
• 다양한 AWS Resource와 Data Storage를 접목하여 다양한 서비스를 만들어요.
우리 팀은 이렇게 일을 하고 있어요!
•우리는 '공유'가 중요한 팀: 각자 작업하는 내용에 대해 결과보다 '과정'에 대한 공유가 중요해요. 집단 지성의 가치를 존중하며, 적극적으로 팀원과 내용을 공유하고 개선해요.
•우리는 변화하는 클라우드 시장에 '적극적인 흐름 타기'를 하는 팀: 최신 개발 트렌드를 따라가기 위해 적극적인 기술 검토를 지향해요. 팀원 모두 AWS에서 새로운 기술이 나오면 반드시 써보며, 우리 서비스의 어떤 점을 변화 시킬 수 있는지 찾아 도입해요.
우리 팀의 개발 이야기
https://medium.com/spoontech/tagged/tech","[주요업무] DevOps Engineer는 주로 이런 업무를 해요
• 조직 내 DevOps 및 Agile 문화 기반 신뢰성 있는 인프라 구축 및 운영
• Infrastructure as Code 기반 인프라 구성(Terraform, Packer, Ansible 등)
• 컨테이너 기반한 서비스 전개와 Kubernetes를 활용한 오케스트레이션 운영
• 비즈니스 요건에 부합하는 CI / CD 솔루션 도입 및 운영
• 서비스 요건에 맞는 모니터링 및 장애 대응
• 로그 수집 시스템 구성 및 운영
• 보안에 기반한 AWS 인프라 구성
• ISO 27001 & ISMS-P Compliance 준수 활동","[자격요건] 이런 분과 함께하고 싶어요
• 3년 이상의 DevOps 엔지니어로서 AWS 인프라 구성 및 운영 경험을 보유하신 분
• Kubernetes 환경에서 운영 경험을 보유하신 분
• Infrastructure as a Code 및 CI/CD 솔루션 도입 및 운영 경험을 보유하신 분
• Ansible, Terraform 등 자동화 도구를 활용한 경험을 보유하신 분","[우대사항] 이런 분은 더욱 반가워요
• 프로젝트를 본인 주도로 계획 및 진행한 경험이 있으신 분
• AWS Multi Account, Multi Region 운영 경험을 보유하신 분
• Container 기반 서비스의 운영 경험을 보유하신 분
• Python, Shell Script 등을 활용한 자동화 개발 경험을 보유하신 분
• 대용량 트래픽 대응을 위한 시스템 운영 경험을 보유하신 분","[제출 서류] 지원자님을 잘 알기 위해서는 다음과 같은 서류가 필요해요
• 이력서 (필수 제출)
• 기타 포트폴리오 (선택 제출)
=================
[합류 프로세스] 다음과 같은 과정을 거쳐 스푼랩스에 합류하게 돼요
• 서류 전형
스푼랩스 인사담당자와 현업 담당자가 함께 서류를 꼼꼼히 검토하며 지원자님을 파악합니다.
• 과제 전형
스푼랩스에서 부여받은 과제를 7일 동안 수행합니다.
과제 시작 일자 선택지를 제공드릴 예정입니다.
• 1차 인터뷰 전형
스푼랩스 SRE 팀과 실무 인터뷰를 진행합니다.
인터뷰는 대면으로 진행되며, 예상 소요시간은 약 1시간 30분입니다.
• 2차 인터뷰 전형
스푼랩스 인사담당자와의 조직적합도 인터뷰를 진행합니다.
대면으로 진행되며, 예상 소요시간은 약 1시간입니다.
이후 3차 인터뷰가 바로 진행됩니다. (2, 3차 인터뷰는 하루에 연이어 진행됩니다.)
• 3차 인터뷰 전형
스푼랩스 Development 그룹장과 실무 및 조직적합도 종합 인터뷰를 진행합니다.
대면으로 진행되며, 예상 소요시간은 약 1시간입니다.
• 레퍼런스 체크
• 처우 협의
• 최종 합격
• 상황에 따라 채용 절차가 생략 혹은 추가될 수 있습니다. (과제 전형/코딩 테스트/커피챗/추가 인터뷰 등)
• 이력서 및 제출 서류에 허위 사실이 발견되거나 근무 이력 중 징계사항이 확인될 경우, 채용이 취소될 수 있습니다.
• 스푼랩스 취업규칙 제10조(채용결격)에 따라 결격사유에 해당하는 자는 채용이 취소될 수 있습니다.","• 스푼랩스의 근무제도, 교육 및 복리후생
[근무제도] 개인에게 가장 잘 맞는 방식으로 밀도 있게 일해요
- 월요일은 4시간만 근무해요! 월요병 없는 주 4.5일제
- 오전 8시~10시 30분 사이 원하는 시간에 자유롭게 출근하는 자율출근제
- 국내/외 무관 원하는 곳에서 반기 당 1개월 간 원격 근무하는 워케이션 프로그램
- 모든 지원은 회사가! 해외 법인에서 근무하는 오피스 익스체인지 프로그램
[교육 및 복리후생] 회사와 함께 개인의 역량도 쑥쑥 자라나요
- 월 10만원 한도의 자기계발비 지원
- 월 20만원 한도의 일본어, 영어, 한국어 외국어 학습비 지원
- AWS re:Invent, Digital Marketing Summit, MAU Conference 등 업무 관련 국내외 교육 및 세미나 참석 지원
- 우리 같이 공부해요! 사내 스터디 모임 지원
- 사내 도서관 운영 및 신청 도서 구매
- 입사자와 추천자 모두 후한 보상을! 사내 직원 추천 제도
[복리후생] 열심히 일한 뒤엔 여유롭게 휴식해요
- 묻지도 따지지도 않고 자유롭게 사용하는 휴가/반반차 제도
- 함께해 주셔서 감사해요! 근속 기간별 리프레시 휴가 및 휴가비 지원
- 생일엔 놀아야죠. 생일자를 위한 반반차 휴가
[복리후생] 편하고, 즐겁고, 건강하게 일하는 건 기본이에요
- 강남역 초 역세권의 깔끔하고 세련된 사무실
- 든든히 드세요. 아침 식사 제공 및 점심 식비 지원
- 우리가 애정하는 서비스를 만들기 위해, 스푼 구매 할인 지원
- 에너지는 항상 충전되어야 하니까. 무제한 카페테리아 운영
- 개개인의 일상에도 진심을 담아, 경조 휴가 및 경조비 지원
- 무엇보다 건강이 우선이죠. 연 1회 종합건강검진 제공
- 열심히 일한 뒤 안전하게 퇴근해야죠. 야근 식비 및 심야 택시비 지원
- 힘들 땐 잠시 쉬어요. 고급 안마의자, 게임기, 다트, 탁구대 구비",서울 강남구 테헤란로4길 14 미림타워 13층,
(주)시나몬,2025.07.09,2025.07.09 상시 채용,소프트웨어 개발,5 ~ 15년,서울,정규직,,"Cinamon(시나몬)은
누구나 쉽고 빠르게 3D 콘텐츠를 생성할 수 있는 플랫폼, ‘CineV(시네브이)’를 개발하고 있습니다.
'CineV(시네브이)'는 언리얼 엔진5와 AI 기술을 기반으로 시나리오 입력만으로
AI가 연기, 촬영, 편집, 녹음까지 도맡아 수행하는 AI 기반 콘텐츠 생성 플랫폼을 지향합니다.
시나몬의 목표는 창의성과 기술의 경계를 허물며,
글로벌 콘텐츠 시장의 패러다임을 새롭게 정의하는 것입니다.
현재까지 네이버웹툰, 네이버 Z, 크래프톤 등 글로벌 콘텐츠 기업과
알토스, 컴퍼니케이 등으로부터 누적 총 250억 원의 투자를 유치하며 빠르게 성장 중입니다.
지금, 기술 혁신의 중심에서 새로운 콘텐츠 생성의 지평을 열어갈 클라이언트를 모집합니다.
시나몬은 최고의 업무 환경과 업계 선도적인 프로젝트를 통해 함께 성장하고, 변화를 만들어갈 기회를 제공하고자 노력하고 있습니다.
시나몬과 함께 새로운 시장을 여실 분들의 많은 관심과 지원 부탁드립니다.
주요업무
• 시나몬 신규 프로젝트 클라이언트 개발(Unreal Engine 4,5 / PC)","• 관련 분야 경력 5년 이상이신 분
• 언리얼 4,5를 사용한 프로젝트 개발 경험이 있으신 분
• C++ 프로그래밍이 가능한 분","• 3D 그래픽스 기술 개발에 경험이 있으신 분
• 엔진 분석 및 커스텀 가능하신 분
• 툴 개발 경험이 있거나 관심이 있으신 분
• 미들웨어 사용 경험이 있으신 분
• 밝고 긍정적인 사고를 바탕으로 원활한 커뮤니케이션이 가능한 분","※ 전형 절차 : 서류 -＞ 코딩테스트 -＞ 인터뷰 -＞ 처우협의 -＞ 입사 확정
- 전형 절차는 일정 및 상황에 따라 변경될 수 있으며,
전형별 결과에 따라 절차(ex. Reference Check)가 추가될 수 있습니다.
- 정규직 채용의 경우 3개월의 수습기간이 있으며,
평가 결과에 따라 수습 기간이 연장되거나 채용이 취소될 수 있습니다.
- 지원서 내용 중 허위 사실이 있는 경우에는 합격이 취소될 수 있습니다.","• 폭발적으로 성장 중인 글로벌 스타트업의 초기 팀원
• 역량에 걸맞는 연봉 및 스톡옵션 제공
• 무제한 자율 휴가 제도
• 근속 3년차에 리프레시 휴가 2주 및 휴가비 지급
• 주 5일제, 유연 근무 제도
• 점심 식사비 2만원 지원
• 내가 신청한 간식이 냉장고에 그득그득
• 원하는 원두를 에스프레소 머신으로!
• 컨퍼런스 참가비, 도서 구입 등 개인 성장 적극 지원
• 전직원 최고급 장비(Mac, PC, 전동 스탠딩데스크 등) 지원
• 원하는 모든 소프트웨어는 정품으로 구매하여 제공
• 편리한 사무실 위치 (강남역 우성아파트 사거리)","서울 서초구 효령로77길 28, 3층",
(주)알라딘커뮤니케이션,2025.07.22,2025.07.22 상시 채용,"소프트웨어 개발, 클라우드 개발, 웹개발",5 ~ 10년,서울,정규직,"[회사소개]
‘알라딘’이 소원을 빌면 램프에서 요정이 나와 꿈을 이루어 줍니다.
‘알라딘’이라는 브랜드에는 고객의 꿈을 이루어드리고자 하는 기업정신이 담겨 있습니다.
알라딘은 수 없이 많은 새로운 서비스를 전자상거래에 도입하였으며 우리가 도입하면
그것이 곧 업계의 표준이 되었습니다. 오늘도 알라딘은 혁신을 거듭하며 우리나라
전자상거래의 역사를 새롭게 써나가고 있습니다.
[왜 알라딘에서 일해야 할까요?]
- 뛰어난 시니어 & 동료 개발진
- 흥미롭고 도전적인 개발 과제
- 건전한 재무 현황
- 업력 25년, 20년 이상 꾸준히 성장,
- 높은 보상 수준
- 분기별, 년간 인센티브","[개발 환경/문화]
- 부서내 인력의 80%가 개발, 연구 인력으로 구성되어 있습니다.
- 새로운 기술을 도입하는 것에 열려있습니다. 함께 스터디하고 토론하여 기술을 적용합니다.
- 수평적인 토의/토론 문화가 있습니다. 어떤 의견이든 자유롭게 내고 그에 대해 활발히 논의합니다.
[주요업무]
- 회사의 비전과 목표에 맞춰 시장 트렌드 및 고객 요구사항을 분석하여 로드맵 수립
- 팀의 업무를 체계적으로 관리하고, 백로그 관리 및 스프린트 계획을 통해 효율적으로 프로젝트 진행.
- 전자책 구독, 투비컨티뉴드, 이커머스 서비스 개발에서의 기술적 의사결정을 주도하고,
콘텐츠 최적화, 배포, CMS 등 주요 기술 요소에 대한 결정.
- 테스트 프로세스를 구축하고 QA팀과 협력하여 제품 안정성을 확보.
- 사업팀과의 협업을 통해 전자책의 일관된 경험 제공 및 외부 파트너와의 소통.
- Event Driven Microservice 아키텍처 기반 API 서버 개발 및 운영
- 대용량 트래픽에도 안정적인 서비스를 위한 시스템 설계 및 개발
- 더 편리하고 다양한 전자책 서비스 제공을 위한 지속적인 고도화 작업","- 기술스택 : C#.NET, React, Next.js, MSSQL, Redis
- Technical Product Owner 또는 프로젝트 관리 경험이 있으며,
Agile 개발 방법론에 대한 이해도가 높으신 분
- 복잡한 문제를 해결하고 기술적 의사결정을 내리는 데 능숙하신 분
- 다양한 팀과의 협업 및 커뮤니케이션에 강점을 가지신 분
- 데이터 기반의 의사결정을 통해 제품 개선을 주도할 수 있는 분석 능력을 가지신 분
- 요구사항분석, 요구사항 명세서, 개발계획서 등의 작성 능력을 가지신 분
- Python, Java, Kotlin, C#, Go lang 중 1개 이상의 언어를 사용해 문제 해결이 가능하신 분
- AWS, Azure, GCP 등 주요 클라우드 플랫폼 중 최소 하나 이상에서 아키텍처 설계 및 구현 경험을 가지신 분
- 보안 및 거버넌스 (클라우드 보안)에 대한 이해와 서비스의 활용이 가능한 분","- 디지털 출판 및 콘텐츠 관리 시스템(CMS) 개발 리딩 경험
- 전자책 리더기 및 관련 디바이스에 대한 이해도가 높은 분
- 오픈소스 코드를 자유롭게 수정하고 활용할 수 있는 능력이 있는 분
- Unit Test , Docker, Kubernetes에 대한 이해
- 비동기, 동시성, 병렬, 분산 처리에 대한 이해
- Kafka, Redis 사용 경험
- 오프소스 개발/기여 경험","[근무조건]
- 고용형태 : 정규직
- 근무시간 : 주5일, 근무시간 09:00~18:00
- 근무지 : 알라딘 본사 (서울 중구 순화동)
[전형절차]
- 서류심사 ＞ 과제수행 ＞ 면접 ＞ 입사 정규직(수습 3개월)
- 필요 시 지원자의 동의 하에 평판조회 절차가 진행될 수 있으며, 평판조회 결과에 따라 입사가 취소될 수 있습니다.
- 과제는 서류심사 통과자에 한해 진행되며, 주어진 문서를 완성하여 제출합니다.
- 모든 전형결과는 합격자에 한해서만 개별 통보합니다.
[제출서류]
- 이력서 : 자유양식(전화번호, 이메일, 희망연봉 반드시 기재)
- 자기소개서 : 자유양식
- 입사지원 서류에 허위 사실이 발견될 경우, 채용확정 이후라도 채용이 취소될 수 있습니다.","- 업무 관련 도서 구매 지원
- 자기계발비 지원 : 체력단련, 교육, 여행, 취미활동, 문화생활(도서, 공연 등)에 활용 가능
- 장기 근속자에 대한 포상휴가/포상금 지급
- 알라딘 온/오프에서 사용 가능한 직원 할인쿠폰 제공
- 유료 종합검진 지원 : 연령, 근속연수에 따라 매년 또는 격년
- 각종 경조사 지원
- 인센티브제",서울 중구 서소문로 89-31,
(주)에잇퍼센트,2025.07.05,2025.07.05 상시 채용,"소프트웨어 개발, 웹개발, 백엔드 개발",3 ~ 7년,서울,정규직,"에잇퍼센트는 대한민국 1호 중금리 P2P 서비스 ‘8퍼센트’를 개발하여 새로운 금융을 제시하고 있는 핀테크 기업입니다. 2021년 6월, 온라인투자연계금융업 1호 기업으로 등록을 완료하여 보다 안정적이고 신뢰할 수 있는 정식 금융기관으로 출범하며, 최초의 역사를 거듭하여 쓰고 있습니다.
에잇퍼센트는 은행과 비은행 사이 금리 절벽을 해소하고, 저금리 시대의 대안이 되어주는 기술 기반 금융 플랫폼입니다. 시중은행에서 평가하지 않았던 중신용자를 대상으로 약 8년간 축적한 압도적인 데이터 보유량을 바탕으로, 자체 신용 평가 기술을 개발하고 수차례의 개선을 거쳐 가장 고도화된 모델을 보유하고 있습니다.
2023년 6월 현재 누적 6,421억 원 이상의 연계대출을 취급하며 중신용 이용자 약 2만 1천명의 이자를 아껴드렸고, 대안 투자처로서 누적 2,105만 건 이상의 투자를 이끌어내며 수많은 연결을 만들어가고 있습니다.
최초의 역사를 함께 써나가실 분들, 지금 8퍼센트팀에 합류하세요!
조직문화
• '님' 호칭
• 탄력적인 근무시간 (9~11시 출근, 부서별 상이)
• 특별한 점심 (월 1회 동료들과의 즐거운 시간)
• 입사 초기 챙김이 '버디' 제도
• 365일 동료 칭찬 가능, 월 1회 멤버 선정하여 선물 증정
• 휴가는 자유롭게 사용합니다.
8퍼센트팀은 이렇게 일합니다.
• User First
- 장기적으로 고객에게 가장 이로운 결정을 합니다.
• One Team
- 8PERCENT는 한 팀입니다.
• Professional
- 전문가 답게 행동합니다
• Aim Higher
- 높은 수준의 결과를 만들어 냅니다.
• Execution
- 속도가 완성도 보다 중요합니다.
• Open Communication
- 솔직하고 투명하게 공개적으로 소통합니다.
• Ethics
- 누가 봐도 옳은 일을 합니다.
어떻게 일하나요?
• 내부적으로 칸반을 사용하고 있습니다. 하지만 스크럼과 같이 주기를 가지고 일을 하며 2주에 한 번씩 전체 앞에서 데모를 하고 있습니다.
• 매일 아침 데일리 미팅을 통해 서로의 이야기를 나누고 진행 상황의 싱크를 맞춥니다.
• 저희가 사용하고 있는 기술 스택을 참고 해 주세요. 특히 업무 도구로는 슬랙, 지라, 컨플루언스를 사용합니다.
• 종종 팀워크샵을 함께 갑니다.
어떤 사람을 찾고 있나요?
• 지적 겸손을 갖추신 분
• 개인의 성과보다 팀의 성과에 더 큰 가치를 두는 분
• 내일 사용할 수 있는 공부를 오늘 하고, 어제 공부한 것은 오늘 사용하실 수 있는 분
• 팀에 긍정적인 영향력을 발휘할 수 있는 분
• 관련 경험을 3년 이상 갖추신 분","풀어야하는 문제
- 은행의 기본 시스템을 만듭니다.
생각보다 돈을 받고 빌려주는 것은 쉽지 않습니다. 복잡한 DB 설계와 결함 없는 트랜잭션 관리를 필요로 합니다.
- 다양한 곳과 연계를 합니다.
금융의 세상은 혼자 힘으로 다 잘할 수가 없습니다. 많은 곳과 효과적으로 연동을 하기 위한 방법들을 고민하고 또 준비하고 있습니다.
- 8퍼센트 서비스를 만들어 갑니다.
많은 사람들이 자신의 돈을 맡기고 빌려가는 서비스입니다. 신뢰를 줄 수 있고 어려운 금융 정보를 효과적으로 전달할 수 있는 방법을 고민하고 구현합니다.
- 데이터를 체계적으로 관리하고 이로부터 사업에 필요한 인사이트를 얻고 신용평가모델을 개선할 수 있는 시스템을 만듭니다.","- Python을 현재 사랑하고 계시거나 앞으로 사랑하실 수 있어야 함
- 웹에 대한 기본적인 이해
- 웹개발  프로세스(디자인, 설계, 구현, 테스트, 배포, 운영)에 대한 이해
- 데이터 모델링 능력
- 관련 경험을 3년 이상 갖추신 분","- Cloud(AWS등) 시스템 하에서 개발경험
- Python 환경에서의 데이터 분석 경험
- 테스트 작성과 설계에 익숙하신 분",서류 전형 - 과제&1차 기술면접 - 2차 면접/레퍼런스 체크 - 처우 협의 - 최종합격,"성장 지원
• 외부 교육 지원 (인터넷 강의, 세미나 등)
• 사내 스터디 지원
• 도서 구입비 지원
건강 지원
• 연1회 종합 건강 검진 지원
• 유급 병가 지원
• 백신 휴가 지원
그 외 공통적인 복리후생
• 역량에 부합하는 급여, 옵션 제공
• 급여와 별도로 점심 식대 및 야근 시 저녁 식대 제공 (개인형 법인카드 지급)
• 스톡옵션 부여 (관련 기사:
https://n.news.naver.com/article/008/0004679525)
• 무제한 휴가
• 리프레쉬 휴가
• 직접 고르는 생일 선물과 생일 당일 유급 반차
• 쾌적한 사무실 (라운지 및 휴식공간)
• 편리한 접근성 (여의도역 지하도에서 건물 앞으로 연결, 여의도 버스환승센터 1분)
• 무한 커피, 차, 간식 제공
#유연근무 #재택근무 #건강검진 #리프레시휴가
#핀테크 #자기개발 #교육비지원 #스터디지원 #도서구입
#자율복장 #산업기능요원","서울특별시 영등포구 국제금융로2길 17, 13층",
(주)엠로,2025.06.18,2025.06.18 상시 채용,"소프트웨어 개발, 웹개발",6 ~ 10년,서울,정규직,"[국내 1위 AI 기반 기업용 공급망관리 소프트웨어 전문 기업, 엠로]
엠로는 2000년 설립 이후 공급망관리 전 영역에 대한 full coverage 소프트웨어를 개발해 삼성, LG, 포스코, 현대차, SK, KT, 한화그룹 등 국내 대표 대기업뿐만 아니라 공기업, 금융기업 등에 공급하며 국내 공급망관리 소프트웨어 시장을 선도해오고 있습니다.
또한, 지속적인 연구개발을 통해 AI, 클라우드 등 디지털 신기술을 내재화하여 기업의 디지털 혁신을 이끌어 나가고 있습니다. 지능형 수요예측, Item Master Lifecycle 관리, 신규 프로젝트 최적 견적가 산정 등 기업 고객에게 가장 필요하고 실용적인 AI 소프트웨어를 제공하고 있으며, 국내 최초 공급망관리 클라우드 서비스인 emroCloud도 선보이고 있습니다.
엠로는 최고의 경쟁력을 갖춘 전문성과 기술력을 바탕으로 국내 공급망관리 소프트웨어 시장 1위 기업을 넘어 세계를 움직이는 ‘공급망관리 디지털 혁신 소프트웨어 Provider’로 나아가고 있습니다.","- 데이터 분석 플랫폼 백엔드 및 프론트엔드 개발
- Java, Python 기반의 데이터 처리 및 서비스 개발
- 대용량 데이터 처리 및 최적화
-  BI 기능 개발
ㅇ 데이터 시각화 및 대시보드 개발
ㅇ 데이터 집계 및 분석을 위한 API 및 대시보드 설계
- API 및 데이터 파이프라인 구축","- 학사 졸업(4년제) 이상
- Java, JavaScript, Spring Framework를 활용한 웹 프로그래밍 능숙자
- JPA(Hibernate, Spring Data JPA 등) 관련 기술 경험
- Python을 활용한 데이터 처리 및 분석 경험
- RDBMS(MySQL, PostgreSQL 등) 활용 경험
- RESTful API 개발 경험
- Git을 이용한 협업 경험","- 대용량 데이터 처리 및 분산 처리 경험(Hadoop, Spark 등)
- Dataiku, Power BI, Tableau 또는 유사한 BI 툴 활용 경험
- 클라우드 환경(AWS, Azure, GCP)에서의 개발 경험
- DevOps 환경(CI/CD, Docker, Kubernetes 등) 경험
- 데이터 엔지니어링 또는 머신러닝 관련 프로젝트 경험",서류전형 - 1차면접(실무) - 2차면접(임원) - 채용검진 - 처우협의 - 최종합격,"1. 年 2회 성과급 지급(PI)
2. 출/퇴근 교통비 지원(법인카드 사용)
3. 중식대 월 20만원 제공(법인카드 사용)
4. 직원대출제도(주택자금대출 및 생활안정자금 대출 지원)
5. 종합건강검진 지원
6. 장기근속 포상 (복지포인트 및 휴가 부여)
7. 경조지원/상조회 운영
8. 국내 콘도 이용 (대명, 용평리조트 및 제주도 별장)
9. 동호회 운영
10. 명절선물 및 생일선물
11. 멘토링 제도 (신입/경력)
12. 심리상담 서비스 운영
13. 교육지원(직무교육, 기본소양교육, 도서비)","서울 영등포구 당산로 41길 11, E동 5층 (당산로4가, 당산 SK V1센터)",02-6121-8766
(주)오픈소스컨설팅,2025.05.18,2025.05.18 상시 채용,"프론트엔드 개발, 백엔드 개발, 클라우드 개발",3 ~ 12년,서울,정규직,"2012년 설립되어 오픈소스 소프트웨어 기반 클라우드 솔루션을 개발하여 GPL(General Public License) 기반으로 모두 공개하고 있으며 오픈소스, 퍼블릭/프라이빗 클라우드, 데이터센터 자동화, IoT 관련 솔루션을 지속적으로 개발 및 서비스하여 런칭하고 있습니다.
리눅스 플랫폼과 오픈소스 기반의 미들웨어 솔루션에 대한 트러블 슈팅, 성능 컨설팅, 애플리케이션 아키텍처, 클라우드 아키텍처를 구축 컨설팅하며,오픈소스 APM(Application Performance Monitoring and Management) 솔루션 Scouter의 기업용 판매 및 기술 지원, KT DS와의 협업을 통한 HTML5 기반의 웹 기반 모니터링 콘솔을 제공합니다.
또한, 스타트업에 대한 기술 지분 투자와 퍼블릭, 프라이빗 클라우드 사업을 동시에 진행함으로써 전방위적으로 사업 영역을 확장해 나가고 있으며 Atlassian 한국 공식 파트너, 아마존 웹 서비스 공식 컨설팅 파트너, 한국 레드햇 파트너사입니다.","""Sharing Technology, Growing Together""
[우리가 하는 일]
국내 최고의 오픈소스 전문가를 자부하는 오픈소스컨설팅은 2012년 창립되었습니다.
오픈소스컨설팅은 성공적인 하이브리드 클라우드 구축 및 협업 문화 발전을 위한 전문 솔루션과 서비스를 제공합니다.
우리는 오픈소스 소프트웨어를 이용한 다양한 제품 개발을 통해, 기술을 나누고 함께 성장하고 있습니다.
[우리의 조직 문화]
오픈소스컨설팅이 추구하는 조직은 보다 능동적입니다.
내가 스스로 일에 즐거움을 느끼고 그 즐거움을 다른 팀원들과 나눌 때, 나의 일이 우리의 일이 되고 우리의 일이 바로 오픈소스컨설팅이 해야하는 일이 됩니다.
각 개인이 하는 일을 실현시켜 주는 곳이 바로 오픈소스컨설팅이고, 우리는 능동적인 개인의 꿈을 실현 시켜주는 것을 추구합니다.
오픈소스컨설팅은 Confluence, Jira, Trello, Bitbucket 등 Atlassian 제품의 확장기능을 제공하는 플러그인 SW 개발자를 찾고 있습니다.
Atlassian 플러그인 SW 개발 엔지니어는 고객은 현장에서 필요로 하는 기능이지만 아틀라시안 기본 제품에서 제공하지 않는 확장기능을 가진 플러그인 SW 개발을 수행합니다.
Atlassian기반 DevOps 환경에서 Atlassian 서버/데이터센터용 플러그인과 최근 비약적인 성장을 보이고 있는 Atlassian 클라우드용 플러그인 SW를 개발하는 경험을 할 수 있습니다.
[주요업무]
• Atlassian 서버/데이터센터 제품(Jira / Confluence / Bitbucket) 커스터마이징 개발
• Atlassian 클라우드 제품(Jira / Confluence / Bitbucket) 커스터마이징 개발
• 기존 개발 완료된 사항에 대한 유지보수 개발
• 제품 개발관련 경험과 지식의 팀내/사내 공유 (wiki 문서 작성)
• 고객사 상주 프로젝트(ITSM 구축, 인스턴스 통합, 솔루션 커스터마이징)","• Java/C#/Node.js, Oracle/MySQL 등 Backend 개발 경험(3년 이상)
• HTML/CSS/Javascript Frontend 개발경험 (1년 이상)
• Git 사용 경험
• Atlassian 도구 (Jira & Confluence & Bitbucket) 사용한 경험
• Linux / Network 지식 및 클라우드 환경 이해
• 애자일 방법론 수용
• 협업이 필요한 다른 직무를 수행하는 구성원과의 원활한 커뮤니케이션
• 새로운 기술, 언어 습득에 거부감이 없는분","• Atlassian 도구 [Jira & Confluence (서버, 데이터 센터, 클라우드)] 플러그인 SW 개발경험 (Atlassian Plugin SDK)
• Atlassian 도구 [(Jira & Confluence (서버, 데이터 센터, 클라우드)] 관리자로서 운영경험
• Atlassian 도구 (Jira & Confluence) 소스코드 분석 및 ERD 분석 경험
• 아틀라시안 솔루션 연동 개발 경험
• Agile / DevOps 경험
• Node.js / Angular / React / Vue.js 개발경험
• 오픈소스 프로젝트 Commit 경험
• Spring framework 개발 경험","• 채용 절차는 서류 접수 ＞ 기술테스트(직무별 상이) 및 실무 인터뷰 ＞ 임원 인터뷰 순으로 진행됩니다.
• 채용 시 3개월의 시용 기간(처우 동일)이 적용되고, 평가 결과에 따라 기간이 연장되거나 채용이 취소될 수 있습니다.","오픈소스컨설팅은 구성원들의 건강하고 행복한 삶을 지향합니다.
• ""우리에게는 놀금이 있다"" : 격주 금요일 휴무
• ""월요병? 그게 뭐지?"" : 월요일 10시 출근
• ""풍요로운 워킹맘, 워킹파더"" : 육아포인트 월 20만원
• ""태어나줘서 고마워요."" : 생일 2시간 조기 퇴근제(본인/배우자)
• ""새로 합류한 당신을 진심으로 환영해요."" : 웰컴키트 제공
• ""열심히 일한 당신, 떠나라!"" : 야간/주말 근무 시 대체휴가
• ""먹방, 여행까지 내 맘대로"" : 연간 360만원 복지포인트
• ""통신비, 걱정말아요!"" : 전 직원 휴대폰 사용료 지원(월 7만원)
• ""맥북도 다 된다그램!"" : 350만원 한도 노트북 선택 구매(개발/엔지니어 경력직 기준)
• ""369안식휴가"" : 3년마다 휴가 및 포상금
• ""당신의 건강한 올해를 위해"" : 연 1회 전 직원 종합건강검진 지원
• ""직원은 회사가 지킨닷"" : 기업보험(상해/재해)가입
• ""건강은 소중하니까!"" : 매일 다른 메뉴로 아침식사 제공
• ""피곤한 '몸'에는 이'친구'가 제격"" : 안마의자
• ""읽고싶은 책은 마음껏 신청해봐"" : 도서비 지원(기술)
• ""당 떨어질 땐 주전부리"" : 커피, 견과류, 스낵 제공
• ""모두의 돌잔치"" : 입사 1주년 기념 휴가 및 상품권
• ""업무 스킬 레벨업"" : 직무 관련 교육비 지원
• ""출근 시간 내가 정해요"" : 시차 출퇴근제 운영(8~10시)
• ""시간이 소중한 당신을 위해"" : 2시간 단위 휴가 사용
• ""열심히 일한 당신 떠나라"" : 리조트 법인 회원가 이용
• ""일하는 공간, 선택의 폭을 넓혀 보세요"" : 오피스 자율좌석제 및 재택근무 실시","서울 강남구 테헤란로83길 32, 5층",
(주)와탭랩스,2025.06.12,2025.06.12 상시 채용,기술지원,1 ~ 12년,서울,정규직,"[일]
와탭랩스는 국내 1위 IT 성능 분석 서비스 기업입니다.
와탭랩스는 기업의 IT 서비스를 분석하여 서비스의 성능을 극대화 해주는 데이터 분석 기업입니다.
와탭랩스는 기업의 Infrastructue에서 Application까지 IT 전반에 대한 모니터링 및 성능 데이터 분석 서비스를 제공하고 있습니다.
[사람]
와탭랩스는 우리가 만날 수 있는 가장 똑똑하고 열정적인 사람들과 일하기 위해 노력합니다.
와탭랩스는 도전적인 업무를 받아드리며 개인이 빠르게 성장하는 것을 중요하게 여깁니다.
[환경]
우리는 아래와 같은 환경에서 일하고 있습니다.
• 사무실
- 강남역 10번 출구에서 3분 거리에 있습니다.
• 근무시간
- 9시 30분에 출근하고 6시 30분에 퇴근합니다.
• 연봉
- 탁월한 성과는 업계 최고의 연봉으로 보상합니다.
• 리프레시 휴가 및 경비 지원
- 근속 시 재충전 휴가가 지원됩니다. 휴가에 사용한 여행 경비도 회사가 일정 금액 지원합니다.
(3년 만근 시 5일, 5년 만근 시 10일 제공)
• 연간 복지 포인트 지원
- 연 240만원 상당의 현금성 복지 포인트를 지원합니다. 필요한 곳에서 자유롭게 사용하세요.
(법인카드로 제공. 입사일 기준으로 금액을 정산하여 제공합니다.)
• 건강검진 지원
- 회사에서는 매년 건강검진 비용을 지원합니다.
• 무제한 휴가
- 와탭랩스는 연간 휴가 사용 일수에 대한 규정이 없습니다. 휴가는 필요한 때, 필요한 만큼 사용하면 됩니다.
• 교육 및 도서 구입 지원
- 업무와 연관된 강의 및 세미나는 와탭랩스에서 지원합니다. 읽고 싶은 어떠한 책이든 부담없이 요청하시면 지원합니다.
• 금요일 점심 지원
- 금요일 점심은 회사에서 제공합니다. 새로운 분들과 같이 식사하면서 교류하고 인사하는 자리를 가지세요.
[채용절차]
와탭랩스의 채용절차는 아래와 같습니다.
• 서류 면접: 보내주신 이력서와 참고 자료를 검토합니다.
• 대표 면접: 회사와 개인의 목표가 일치하는지 논의합니다.
• 실무 면접: 분야별 전문가들과 실무 능력을 검증합니다.
• 과제 수행: 실무에 관련된 과제를 제출합니다.
• 수습 기간: 3개월의 수습과정을 거쳐 최종 합격이 결정됩니다.","[와탭랩스를 소개합니다]
와탭랩스는 모든 비즈니스가 디지털로 전환되고, IT가 비즈니스의 기반이 된 세상에서 ‘고객의 IT 서비스의 성능 극대화’라는 비전을 바탕으로 개발자와 운영자가 IT 서비스를 더욱 쉽고 편하게 운영할 수 있도록 ‘와탭’ 모니터링 서비스를 제공합니다.
2015년에 한국에서 설립된 와탭랩스는 자사가 보유한 IT모니터링 기술 전문성에 기반해 현재 대한민국 최대 고객 기업수를 갖고 있으며, 인도네시아와 일본을 포함하여 글로벌 확장을 진행 중에 있습니다.
스타트업의 역동성과 기술혁신성을 기반으로 빠르게 성장하고 있는 와탭랩스는 함께 커나가는 기쁨을 같이하는 열정적인 팀원들로 구성되어 있습니다.
또한 와탭랩스는 실패를 두려워하지 않고 새로운 일에 도전하는 와탭랩스는 열린 조직문화와 수평적인 커뮤니케이션으로 본인의 전문성을 맘껏 발휘할 수 있는 회사입니다.
• 이력서는 PDF로 제출해 주세요.
• 와탭랩스의 연봉은 4,000만원 이상으로 책정되어 있습니다.
주요업무
• 기업 고객을 대상으로 솔루션 소개, 교육, 기술 세미나를 진행합니다.
• 기업에 방문하여 솔루션을 설치하고 기술지원을 제공합니다.(대형 고객사의 경우 파견 근무형태가 발생할 수 있습니다.)
• 고객사의 서비스 장애 발생 시 원인 분석 및 성능 컨설팅을 제공합니다.","• 원활한 대인 관계 및 커뮤니 케이션 능력을 보유한 분
• 책임감과 성실성을 갖추신 분
• IT 트렌드에 따른 기술 습득에 거부감이 없으신 분
아래 조건 중 한가지 이상 만족하시는 분
• APM(Application Performance Management) 사용 경험
• Kubernetes 사용 경험
• WEB/WAS 사용, 운영 경험
• DB 백업 및 복구, 모니터링, 운영 등의 기술 보유
• Application (Java, PHP, Node.js, Python, Go, .NET) 개발 경험","• 프리세일즈 경험이 있으신 분
• 모니터링 제품 경험이 있으신 분
• IT 관련 자격(AWS, CKA 등)을 보유하신 분","[채용 절차는 다음과 같이 진행해요]
서류 검토＞전화면접＞임원면접 ＞동료면접＞채용 과제＞ 최종합격
1. 서류 면접: 보내주신 이력서와 참고 자료를 검토합니다.(PDF 형식)
2. 전화 면접: 지원하신 포지션과의 적합성 여부를 확인합니다.
3. 임원 면접 : 회사와 개인의 목표가 일치하는지 논의합니다.
4. 동료 면접: 함께 일할 분들과 미팅을 진행합니다.
5. 프로젝트 진행: 업무에 관련된 채용 프로젝트를 진행합니다.
6. 최종합격: 채용 프로젝트 수행 결과를 기반으로 최종합격 여부가 결정됩니다.
[지원하시기 전에 꼭 읽어 주세요!]
- 각 전형 결과는 지원 시 기재해주신 이메일 주소로 안내 드릴 예정입니다.
- 제출해주신 지원서 내용 중 허위 사실이 있는 경우 합격이 취소될 수 있습니다.
- 해당 공고는 수시 채용으로, 채용 완료 시 조기 마감 될 수 있습니다.
- 국가유공자 및 장애인 등 취업 보호 대상자는 관계 법령에 따라 우대합니다.","[일하는 방식]
• 호칭은 이름 뒤에 '님'을 붙여 사용하고 직급이 없는 수평적인 문화를 지향합니다
• 불필요한 회의를 지양하며, 업무상 이슈 및 공유 사항은 필요할 때 수시로 미팅합니다.
• 매주 금요일은 업무보다는 '공유세션'이라는 이름으로 팀원 뿐만 아니라 타 직무 멤버와 협업을 장려합니다.
한 주를 되돌아보고 업무를 공유하거나 창조적 발상을 실현하기 위한 준비 시간을 갖습니다.
• 수평적 토론 문화를 지향하므로, 타 멤버에 자유롭게 피드백 의견을 제시할 수 있습니다.
[업무 환경]
• 유연근무(시차출근제) 시행으로 오전 11시까지 자율적으로 출근할 수 있습니다.
• 강남역 9번 출구에서 3분 거리에 있습니다.
• 자율복장으로 일하기 편한 옷차림이 가장 좋은 옷차림입니다.
• 최신 맥북 또는 그램이 제공됩니다.
[혜택 및 복지]
• 무제한 연차를 지원합니다. 필요한 때에 원하는 만큼 휴가를 사용할 수 있습니다.
• 복지 포인트를 연간 240만원 지원합니다.
• 본인이 읽는 책이면 어떤 책이든 회사에서 구매해 드립니다.
• 세미나, 교육 등 참석을 권장하고 비용을 지원합니다.
• 직계가족 4인까지 건강검진 비용을 제공합니다.
• 직무 관련 외부 교육 신청 비용을 지원합니다.
• 본인의 성장에 도움이 되는 업무와 연관된 강의라면 회사에서 구매해 드립니다.
• 본인과 가족 생일에는 소중한 분들과 보낼 수 있도록 16시에 퇴근합니다.
• 간식과 음료가 언제나 마련되어 있습니다.
• 금요일은 회사에서 점심식사를 제공합니다. 전직원과 함께 즐거운 식사시간을 보내세요.",주소: 서울특별시 서초구 서초대로77길 17 13층,
(주)이너버스,2025.07.06,2025.07.06 D-56,기술지원,2 ~ 7년,서울,정규직,"이너버스, 국내 통합로그관리 솔루션의 일인자
정보유출 모니터링, 정규표현식, 텍스트 검색식 자동완성 방법, 대용량 로그 파일의 인덱싱 방법 등 총 8종의 특허를 보유하고 있으며, 로그 분야의 연구 개발에 정진하고 있습니다.
* 국내 최다 로그 관련 특허 보유 (8개)
* 최근 11개년 평균 점유율 56% (조달청 나라장터 '13~23년 통합로그관리부문 판매 기준)
* 국내최다 고객사 보유(700+)","• 컨설팅/PL
• IT 보안 - SIEM솔루션 기술 엔지니어
• 제조 기술 습득 및 활용 (보안 SW 기술지원/장애처리/유지보수),
• 구축사 아케텍처 설계 및 컨설팅
• 자체 솔루션(SIEM) 납품 고객사 및 전국 파트너(협력사) 기술 지원 및 관리","• 경력 : 2년~7년
• 학력 : 초대졸이상
• IT 엔지니어 경력자(제조사 및 유통사 근무 이력)
• Linux/dbms/네트워크 지식 활용 및 활동 경험 보유자","• Docker, Elasticsearch, Kafka, Python, Linux, DBMS, Kibana, QueryDSL, VMware, JVM 경험자
• 업무 관련 shell script 또는 tools개발 가능자
• 관련 자격증 소지자 우대 (CISA, CISSP, 보안기사/산업기사, ISMS, MOS)
• 적극적이고 진취적이며, 업무에 대한 책임감 보유자
• 관련 문서 작성 능력 및 프리젠테이션 능력 우수자(한글, Excel, Powerpoint, Word)","• 근무형태 : 정규직(수습기간 3개월)
• 근무지역 : 서울 영등포구
• 근무요일/시간 : 주5일(월~금) | 9:30~18:30 | 격주에 1일 재택근무","든든한 이너버스
고용노동부 일 생활 균형 캠페인 참여
재택근무, 유연근무, 눈치 보지 않는 정시 칼퇴근
점심 회식 권장, 자율 참석
자율 복장, 자유로운 연차사용
반반차 제도 도입, 휴가 사유 미 기재
근로자의 날 휴무, 육아휴직, 경조휴가, 대체 휴가, 백신 휴가
한국관광공사 근로자 휴가 지원사업 7년 연속 참여
몰입과 휴식 지원
볼링, 자전거 라이딩 등의 동호회 활동비 지원,
이너버스 데이, 할로윈 데이 등 다양한 파티로 직원 간 친목 도모
열정에 대한 보상
신입사원교육(OJT), 정보보호, IT 관련 교육비 지원
도서구입비 지원, 자격증 시험 응시료 등 자기 계발비 지원
휴게실, 회의실, 최신 노트북, 공기청정기, 카페테리아
즐거운 이너버스
장기근속 및 우수사원 포상 (황금 열쇠, 스마트 워치, 상금 등)
퇴직금, 각종 경조금, 인센티브, 매월 팀 회식비, 통신비, 야근 식대 등 지원
명절 선물","서울 영등포구 양평로21길 26, 1604호,1605호,1606호,1607호 (양평동5가,선유도역1차아이에스비즈타워)",
(주)인젠트,2025.08.07,2025.08.07 D-88,웹개발,0 ~ 15년,서울,정규직,"IT PLAYER, It's INZENT
인젠트는 기업의 정형/비정형 데이터의 관리와 유통, 분석, 활용, 지능화(AI)를 통해 Digital Experience를 선도하는
데이터 플랫폼 기업입니다. 미래를 꿈꾸는 여러분들과 함께 만들어가고 싶습니다.
홈페이지
https://www.inzent.com
오시면 자세한 정보를 아실 수 있습니다.
1. 금융/통신사 ECM(Enterprise Contents Management) 1위
2. 금융/공공 내부채널통합 연계(MCI) 1위
3. MyData사업 핵심 솔루션(APIM) 국내최초 GS인증 획득
4. 오픈소스 DBMS(PostgreSQL) 국제 커뮤니티 등록 국내 유일의 Professional Service Providerㅁ","우리 모두를 위한 변화, 당신과 가장 가까운 인젠트의 스마트한 기술을 만나보세요.
인젠트의 데이터와 AI기술 노하우를 혁신적인 비즈니스 서비스로 한층 더 진화 시켰습니다.
풍부한 경험과 전문기술을 기반으로 금융, 공공, 통신, 유통 등 다양한 산업에서 기업이 필요한 디지털 혁신 솔루션을 제공합니다. 인젠트는 국내 대표 IT 솔루션 기업으로 기술 개발을 선도하기 위해 지속적으로 노력하고 있습니다.
● 주요업무
· 문서중앙화 프로젝트 구축관련 API 연계개발
· 기존 문서 마이그레이션 프로그램 개발
· 문서중앙화 Filter 및 Plug-in 개발","· 신입/경력 3년이하 1명, 경력5년~15년 1명
· Java, JSP 웹 개발자","· SQL 가능
· 퍼블리싱 가능
· 관련 자격증(Java, JSP,SQL, 정보처리기사 등)","[채용절차]
• 서류전형 →1차 인터뷰→ 2차 인터뷰→ 처우 협의 →최종합격
※ 절차는 변경될 수 있습니다.
[지원 시 주의사항]
• 신입/경력 무관하게 3개월의 수습 기간이 있습니다.
*단, 신입의 경우 수습 기간 동안 급여의 80% 지급됩니다.
• 포트폴리오 제출 시, 10MB 초과할 경우에는 링크를 기재해주세요.
[참고사항]
· 서류 합격자에 한해 연락 드립니다.
• 본 채용은 수시 진행으로 우수 인재 채용 시 마감될 수 있습니다.","[복리후생]
• 패밀리데이: 매주2,4째주 금요일은 조기퇴근 !!
• 휴양시설 지원: 대명리조트 및 해외리조트 회원권 가격으로 이용가능 !!
• 건강검진 지원: 기본 건강검진 이외 추가 지원금 제공 !!
• 교육지원: 직무역량 강화를 위해서라면 얼마든지 !!
• 출산 휴가 및 육아휴직: 가족과 함께 할 수 있도록 충분한 휴식을 드립니다 !!
• 경조금 및 경조휴가
• 장기근속자 및 우수사원에게 어마어마한 포상을 !!
이 외에도 다양한 복지제도를 운영중이며, 새로운 복지를 지속적으로 찾고 있습니다.","서울 영등포구 국제금융로2길 36, 8층. 9층",
(주)클로버추얼패션,2025.07.07,2025.07.07 상시 채용,소프트웨어 개발,신입,서울,정규직,"클로버추얼패션 (CLO Virtual Fashion)은 3D 의상 시뮬레이션 알고리즘을 기반으로, 컨셉부터 디자인, 제조, 마케팅, 피팅, 스타일링까지 의상과 관련된 모든 서비스를 제공합니다.
2009년 설립된 클로버추얼패션은 디지털 패션의 새로운 생태계를 만들어 가고 있습니다.
의상 디자인 소프트웨어 CLO, Marvelous Designer, Jinny 와 함께, CLO-SET, CONNECT와 같은 의상 콘텐츠에 특화된 플랫폼으로 의상의 모든 여정에 관여함으로써, 효율적이고 지속 가능한 워크플로우를 구축하고 있습니다. 뿐만 아니라, 당사 솔루션을 통해 실제 의상과 디지털 의상이 서로 태그되어 CLO 시스템 내에서 기능할 수 있게 합니다.
글로벌 디지털 패션 시장을 주도하고 있는 클로버추얼패션은 현재 아시아, 북미, 유럽, 남미 등 전 세계 12개국에 총 14개의 오피스를 두고 있으며, 세계 각국의 수많은 고객사를 바탕으로 점점 확장해나가고 있습니다.
“Empower everything related to garments” - 옷과 관련된 모든 것, 그 무엇이든","• CLO 와 MarvelousDesigner를 사용하는 전 세계 유저들의 요구사항을 분석하여, 그에 맞는 새로운 기능을 만들어 나갑니다.
• 최첨단 의상 시뮬레이션 기술을 경험/연구하고, 최적화 해나가는 일을 합니다.
• 최신 렌더링 기술을 경험/연구하고, 의상에 최적화된 렌더링 기술을 개발합니다.
• Qt Framework 을 사용하여 Windows와 Mac에서 cross-platform으로 동작하는 최적의 UI를 개발합니다.
• API/SDK를 개발하여, 다양한 게임엔진(Unity, Unreal) 과 연동되는 시스템을 구축합니다
특히 컴퓨터 그래픽스/비전 관련 학위와 일정 수준의 C/C++ 기술을 보유한 여러분의 지원을 기다립니다.
▶CLO 는 입사할 때 담당할 개발 업무를 확정하지 않습니다. 입사 후 3개월간의 온보딩 과정을 통해 신규 입사자의 관심과 역량에 가장 잘 맞는 업무를 찾아가도록 도와드릴게요!","• C/C++ 언어를 이용하여 원활하게 개발이 가능하신 분
• 프로그램 설계, 자료 구조, 알고리즘에 대한 이해가 가능하신 분
• 함께 배워나가며 발전해나가는 데 기쁨을 느끼시는 분","• OpenGL, GLSL, WebGL 등을 사용한 Graphics application의 개발 경험이 있으신 분
• Qt를 통한 프로젝트 개발 경험이 있으신 분
• OpenCV, CUDA 등의 GPU 프로그래밍 및 최적화에 경험이 있으신 분
• Vulkan, Metal 을 사용한 개발 경험이 있으신 분
• 게임엔진 (Unreal, Unity) 을 통한 게임 제작 경험이 있으신 분
▶이런 마인드셋을 가지고 계시다면 CLO에서의 생활이 더 즐거워 집니다:)
• 옷을 좋아하고, 패션에 관심이 있으신 분
• 사용자와의 소통을 즐거워하고, 사용자의 만족을 중요하게 여기시는 분
• 실패를 두려워하지 않고, 끊임없는 창의적인 시도를 좋아하시는 분
• 동료들과 토론하며 더 나은 방향을 찾아나가는 것을 즐거워 하시는 분
• 비록 유창하지 않더라도 영어로 의사소통하는데 거부감이 없으신 분","[서류 검토] → [폰 인터뷰] → [1차 인터뷰] → [2차 인터뷰(+Reference Check)] → [처우 협의] → [최종 합격]
*1차 인터뷰에는 약 10분의 Presentation이 진행됩니다.
- Presentation을 위한 Portfolio를 요청드릴 수 있습니다.
- Presentation은 자기소개 및 직무와 관련된 논문, 경력으로 진행해주세요.
▶︎ 지원하실 때 이것을 제출해 주세요.
• 경력사항이 잘 기술된 이력서(경력기술서) 1부
• 포트폴리오, 본인이 참여한 프로젝트 내용이 정리된 레퍼런스 (포트폴리오, 논문 혹은 Git과 같은 repo)","[개발 환경]
• OS: Windows, macOS (Qt Library를 이용한 Cross-platform 개발)
• Language: C++17
• 버젼 관리 도구: Git
• CI/CD: GitHub / Teamcity
• Build System: CMake with Ninja (Windows, macOS)
• Unit Test 도구: Catch2 / FakeIt
• 그 외: Python Scripts
[혜택 및 복지]
• 개인장비: 듀얼 모니터와 데스크탑/랩탑 혹은 MacBook/iMac (3년마다 업그레이드)
• 자기계발: 자기계발 및 체력단련 비용, 도서 구입비, 최신 툴, 동아리 지원금
• 식사, 간식: 중식 제공, 고급 커피 제공, 간식
• 연차, 휴가: 경조사 휴가, 건강검진 휴가, 법정 연차휴가, Year-end holiday (12/25~1/1)
• 근무 형태: 유연 근무제, AM 07 ~ 10 to PM 04 ~ 07
• 보험, 의료: 대형 병원 건강검진, 경조사비, 4대 보험
• 기타: 웰트리 복리후생(복지포인트, 명절 선물)
[Culture]
▶Flexible Work Schedule “우리 모두의 Working Time은 다 달라요.”
• 오전 7시 ~ 10시 내에 자유롭게 출근을 하는 문화를 갖고 있어요. 개인과 팀마다 업무에 집중할 수 있는 시간대는 다르므로, 자유롭게 출퇴근을 하고 있어요.
• 더불어, CLOver는 다양한 time zone에서 일을 하고 있어요. 만약 시차로 인해 밤에 미팅이 있다면, 다음 날은 늦게 출근을 하거나 일찍 퇴근을 하며 업무 시간을 자유롭게 조율해요.
▶Over Communication “항상 active하게 소통하고 공유해요.”
• 전세계 CLOver들과 Slack으로 업무를 공유하고 소통하고 있어요. 최대한 모든 Slack의 Channel은 공개적으로 운영하고 있기 때문에, 관심이 있거나 궁금한 Project가 논의되고 있는 Channel에 언제든지 참여할 수 있어요.
• 분기마다 모든 팀이 시도했던 업무와 성과, lesson learned을 공유하고 있어요. CLOver들은 전 세계에 있기때문에, 영상을 통해 공유를 하고 있어요.
• Non hierarchy를 지향해요. 직급/직위로 소통하는 것이 아닌 각자의 영어 이름으로 소통을 하고 있고, 누구나 아이디어와 의견을 자유롭게 제시할 수 있어요.
▶No Limitation “CLO에서는 무엇이든 가능해요”
• CLO에서는 여러가지 시도와 도전을 해보는 것을 무한 응원해요. 그동안 해보지 않았던 일들을 CLO에서는 마음껏 재미있게 시도해볼 수 있어요.
▶Refresh “누구에게나 재충전과 휴식은 필요해요.”
• 휴가를 내실 때에 별도의 승인 절차가 없어요. 사전에 팀원들과 일정을 공유 및 조율하신다면, 언제든지 자유롭게 휴가를 사용할 수 있어요.
• 잠시 복잡한 서울을 떠나, 제주도 오피스에서 한 달동안 근무를 하실 수 있어요. 일명 ""제주 한 달 살기""에 나서실 때 가족끼리 머무시기에 부족함 없는 사택과 왕복 항공권 또한 지원해 드려요.
• 물론 제주도로 개인 휴가를 떠나실 때에도, 사택을 이용하실 수도 있어요.
[Benefits and Perks]
▶Keep growing “자기계발비와 업무에 필요한 리소스를 아낌없이 지원해드려요.”
CLO는 CLOver의 성장을 무한 응원해요. 직무 관련한 학습을 위한 자기계발비를 지원 드리고 있어요. 이 외에도, 업무에 필요한 tool도 최대한 아낌없이 지원해드리고 있어요.
▶Healthier Life “건강이 가장 중요해요.”
일도 중요하지만, 건강이 가장 중요해요. 매년 건강검진을 지원해드리고 있으며, 건강검진을 다녀오신 날에는 휴가(1day)를 드리고 있어요.
▶Meals & Snack “밥은 항상 잘 챙겨 먹어야 해요.”
아침 샐러드바, 점심 식사 및 간식비를 지원해드리고 있어요. 물론, 불가피하게 야근을 하게 되셨을 경우 저녁 식대 역시 당연히 지원해드리고 있어요.
[클로버추얼패션 사내 활동 영상]
•
https://youtu.be/r6Ob6tAAT9M
[전세계 디자이너의 일하는 방식을 바꿔놓은 회사 - EO]
•
https://www.youtube.com/watch?v=RG8LFEKg1D8
[클로버추얼패션 채용 홈페이지]
•
https://www.clovirtualfashion-careers.com/
클로버추얼패션에 대해 궁금하신 점은 이메일(career@clo3d.com)으로 문의 주세요.","서울 강남구 테헤란로152, 42층",
(주)키다리스튜디오,2025.05.24,2025.05.24 D-13,"백엔드 개발, 소프트웨어 개발",6년 이상,서울,정규직,"We Create Fun in The World
즐거움을 만들고, 세상을 연결합니다.
재미로 세상을 연결하는 키다리스튜디오는, 웹툰 및 웹소설 플랫폼 ‘봄툰’ ‘레진’ ‘델리툰’ 뿐만 아니라 오리지널 웹툰 제작 스튜디오를 운영하고 있습니다. 나아가 영상콘텐츠 사업까지 영위하는 글로벌 종합 콘텐츠 기업 키다리스튜디오에 합류하세요!","∙ AWS 클라우드의 k8s를 사용한 laaC 구성과 클라우드 운영환경 활용
∙ 글로벌 클라우드 시스템의 Architecture 구성 및 관리 운영
∙ 자동화 시스템 관리를 활용한 CI/CD를 구축
∙ 프로덕션 환경에서 발생하는 기술 이슈에 대응 및 조치
∙ 서비스 및 인프라 모니터링 시스템 구축 및 운영","∙ 6년 이상의 관련 경력을 보유하신 분
∙ 대졸 ​이상(컴퓨터공학 ​및 관련 ​전공자)
∙ Public 클라우드 운영, Devops 운영 가능 경력 보유하신 분
∙ CI/CD 파이프라인의 설계/구현/배포 경험 보유하신 분
∙ 컨테이너 솔루션의 설계/구현/배포 경력 보유
∙ Kubernetes 컨테이너 클러스터 운영 경력 보유","∙ AWS 클라우드 운영 관리 기술 자격증 보유자
∙ laac 구성관리 CI/CD 기반 구성 경험자
∙ AWS 환경에서 다양한 서비스 운영하고 구축한 경험
∙ 소프트웨어 개발 방법론에 대한 실무 지식 보유자
● 제출서류
∙ 이력서 및 자기소개서
∙ 포트폴리오(선택)
✔️ 2차 면접 진행 시 자사 양식 이력서 제출이 요구될 수 있습니다.","▪️서류전형 → 기술과제/인적성검사 → 1차면접 → 2차면접 →  처우협의 → 최종합격
∙ 서류전형 합/불 여부는 대상자에 한하여 메일로 안내  드립니다.
∙ 채용 프로세스는 평균적으로 4~8주 소요됩니다. 전형별 일정은 지원자와 조정할 수 있으며, 지연될 경우 별도 안내 드립니다.",,"서울특별시 성동구 연무장11길, 8 키다리스튜디오",
(주)트루엔,2025.05.22,2025.05.22 D-11,"소프트웨어 개발, 하드웨어 개발",5 ~ 10년,서울,정규직,"『Edge AI, IoT 융합 영상감시 플랫폼(Platform)전문기업』
트루엔은 영상감시 분야에서 축적된 독보적 기술력, 경험을 바탕으로
도시방범, 도로, 공항, 산업, 군사 시설 등 다양한 분야에서 영상 보안 사업을 선도하며,
사회 안전과 편의를 높이는데 기여하였습니다.
트루엔은 4차 산업 혁명으로 빠르게 진화하는 사회, 기술, 시대적 요구를 충족하고
확장성 있는 다양한 서비스를 구현하고 공급할 수 있는 새로운 제품 개발로
세계 영상 보안 산업의 혁신을 선도하고자 합니다.
기존 영상감시 장치의 제한적인 영상 분석 처리(Video Analysis)에서
Deep Learning 기반의 영상 처리(AI Analysis)로 차량번호인식(ALPR), 객체탐지(Object Detection),
객체추적(Object Tracking), 지정객체 모자이크 처리(Privacy Masking) 등
다양한 AI기능을 Edge 시스템에서 지원하는 제품을 개발 출시하였으며, 지속적인 AI 연구개발(R&D)로
스마트 시티 구축은 물론 시민의 안전하고 편리한 생활을 위한 서비스를 제공하겠습니다.
트루엔은 영상감시분야와 Edge AI, IoT 융합을 통해
‘영상감시 플랫폼(Platform) 전문기업’으로 진화(성장)하고 있습니다.","[Security 펌웨어 개발자]
· 임베디드 제품의 Linux kernel Device Driver(12C, Wifi, Sensor, SoC 등) BSP 개발
· 영상 획득 및 전송 처리 개발
· Embedded Linux 기반의 IP 카메라 Application 개발
· SoC에서 제공하는 SDK를 이용하여 media library를 개발 & 비디오 및 오디오 데이터를 encoding 및 전송하는 기능 개발
[Micom 펌웨어 개발자]
· Auto Focus 정보를 분석하여 렌즈의 최적 Auto Focus를 찾는 알고리즘 개발
. Zoom Lens Control
. AF, Pan Tilt Zoom step motor control
· 데이터 송수신을 위한 인터페이스 제어
[IOT 펌웨어 개발자]
· Smart Home Camera FW 개발
· Video/Audio Streaming
. WiFi Connect
· 사용자 편의성을 위한 기능 추가, 성능 향상
· HW, Server, App 파트와 연계 작업","• 경력 : 경력 5년 이상(선임연구원, 주임연구원, 책임연구원급)
· 학력 : 4년제 이상","[Security 펌웨어 개발자]
· Linux상 개발/비디오 처리 경험자
· 개발언어: C/C++ 응용 프로그램 개발 기능자
[Micom 펌웨어 개발자]
· C 언어 응용 프로그램 개발 경험이 있으신 분
· 모터제어 및 Micom 제어 경험하신 분
[IOT 펌웨어 개발자]
· IOT FW 개발 경험자
· Streaming, Wifi Interface/ Backend 연동 개발 경험자
· C 언어 응용 프로그램 개발 경험이 있으신 분","✔ 근무조건
• 근무형태 : 정규직(수습기간)-3개월
• 근무일시 : 주 5일(월~금) 09:00~18:00
· 근무지역 : (08377) 서울 구로구 디지털로33길 28 우림이비지센터1차(구로동) - 서울 2호선 구로디지털단지 에서 800m 이내
✔ 전형절차
서류전형>인적성 검사>실무 인터뷰>임원 인터뷰>최종합격
✔ 접수기간 및 방법
· 접수기간 : 2025년 4월 22일 (화) 13시 ~ 2025년 5월 22일 (목) 24시
• 접수방법 : 온라인 입사지원
• 이력서양식 : 온라인 온라인 이력서
✔ 유의사항
• 입사지원 서류에 허위사실이 발견될 경우, 채용확정 이후라도 채용이 취소될 수 있습니다.","급여제도
퇴직연금, 인센티브제, 상여금, 퇴직금, 성과급, 연차수당, 4대 보험
근무 환경
회의실, 공기청정기, 장애인 화장실, 장애인 전용주차장, 스마트기기, 노트북, 사무용품 지급, 최고 성능 컴퓨터
선물
명절선물/귀향비, 생일선물/파티
조직문화
회식강요 안함, 야근강요 안함, 자유로운 연차 사용, 문화 회식
교육/생활
워크샵, 직무능력향상교육, 점심식사 제공, 저녁식사 제공, 식비 지원, 음료제공(차, 커피)
출퇴근
주차장제공, 회사차량 있음, 주 52시간제 준수, 주 40시간제 시행","서울특별시 구로구 디지털로33길 28, 우림이비즈센터1차 1309호",
(주)파운트,2025.07.08,2025.07.08 상시 채용,웹개발,5 ~ 20년,서울,정규직,"돈이 샘솟다, 파운트.
파운트는 인공지능 자산관리 서비스를 제공하는 국내 1위 핀테크 로보어드바이저(RA: Robo-Advisor) 회사로, “금융”과 “기술”의 만남을 통해 “모든 사람의 경제적 자유를 실현하기 위한 구체적인 해결책을 제시” 하고자 인공지능(AI) 기술을 통해 누구나 향유할 수 있는 맞춤형 포트폴리오 자산관리 서비스를 제공하고 있습니다.
파운트가 제시하는 구체적인 해결책은 이미 시장의 공감과 성과로 이루어지고 있습니다.
-운용자산규모(AUM) 업계 1위
-누적투자금 약 738억원 유치
파운트는 수평적 조직 문화에 걸맞게 다양한 의견 교류 및 기술 정보 공유가 이루어지며, 업무 영역에 국한되지 않고 관심 분야 등을 함께 자유롭게 일 할 수 있는 분위기입니다. 파운트의 지속적인 성장에는 같은 방향성에 공감하는 역량 있는 인재를 영입하는 것이 가장 중요하다고 믿고 있습니다.
금융의 혁신을 함께 만들어 나가며, 최고의 동료들과 함께 성장할 수 있는 곳에서 일하고 싶지 않으신가요? 대한민국 금융의 혁신을 위해 새로운 도전을 함께 할 성장의 주역이 되실 파운트인을 찾습니다.
혜택이 샘솟는 파운트와 함께할 미래에 심장이 반응한다면!
지금 도전하세요!","• 퇴직연금 프로젝트 에 대한 기획 및 전략 수립
• 퇴직연금 시스템 구축 및 고도화 PM/PL","• 대형SI 프로젝트의 운영/구축을 경험해 보신 분
• 금융권 프로젝트를 경험해 보신분 (퇴직연금)
• 금융,통신,온라인 커머스 플랫폼 분야에 전문성이 있으신 분
• 개발 및 디자인에 대한 이해도가 있으신 분
• 프로젝트 업무가 가능하신 분
• 본사 외 외부 근무 가능하신 분","• 금융권 (증권/은행) 퇴직연금 재구축 및 고도화 프로젝트 경험이 있으신 분
• 팀워크를 중요시하며 커뮤니케이션 능력이 뛰어나신 분
• 협업 툴에 대한 사용 경험 (Notion / Figma / Teams 등)","■ 합류 여정은 다음과 같습니다
서류 전형 > 직무 면접 > 처우 협의 및 최종 합격","☞ 성장할 수 있는 최고의 환경을 제공합니다.
- 부족함 없는 업무 장비 지원 (업무에 따른 최신 사양 장비 지원 및 듀얼모니터 지급)
- 아낌없는 성장지원 (도서구입/세미나/ 자격증 응시료 /온오프라인 강의수강/장학금 지원 혜택 등)
- 금융의 메카 을지로 입구역에 위치한 사옥(2호선 을지로입구역 100m 이내)
☞ 일에 집중할 수 있는 자율적인 환경을 제공합니다.
- 부서별 시차 출근(8시 -10시 사이) 및 유연한 근무 시간
- 직급 없이 서로를 ""-님""으로 부르는 수평적인 문화
☞ 재충전 할 수 있는 환경을 제공 합니다.
- 고급 건강검진 혜택 제공 (본인 및 가족)
- 독감예방접종 혜택 제공
- 근로자휴가 지원사업 지원 (년간 40만원 혜택 )
- 각종 경조사비 및 경조휴가 지원
- 편의점 수준의 맛있는 간식 및 커피 무한 제공
- 편안한 출퇴근을 위한 주차비 일부 지원","서울시 중구 남대문로 10길 9,14층",
(주)패스트뷰,2025.05.15,2025.05.15 상시 채용,백엔드 개발,3 ~ 10년,서울,정규직,"“오늘 당신이 소비한, 바로 그 콘텐츠를 유통하고 제작한 회사.”
[패스트뷰, 어떤 회사인가요?]
•  국내외에서 빠르게 성장하는 ‘콘텐츠 종합 기업’입니다.
•  최근 일본 도쿄 법인 설립, 연평균 270% 성장 기록, 영업이익 흑자 전환 등으로 확실한 스케일업을 보여주고 있어요.
•  마이크로소프트, KB Pay, 네이트, 폴라리스오피스 등 굵직한 플랫폼과 콘텐츠 공급·애그리게이터 계약을 맺고 있습니다.
•  베레데이, 칸디데, 키즈데이 등 커머스 브랜딩을 성공시켜, 커머스/모빌리티/미디어 사업을 모두 아우르는 다각화된 콘텐츠 비즈니스를 운영 중입니다.
•  “크리에이터, 유통사, 파트너사, 소비자 모두가 상생하는 생태계”를 만들겠다는 비전 아래, 글로벌 콘텐츠 파트너를 확대하며 글로벌 확장을 본격화하고 있습니다.
[패스트뷰의 핵심 가치]
“콘텐츠로 세상을 즐겁게, 효율적으로, 그리고 새롭게 변화시키자.”
•  민첩하고 파격적인 실행력: 좋은 아이디어는 빠르게 MVP로 만들어 실현합니다.
•  투명하고 공정한 보상: 성과를 낸 팀원에게는 즉각적인 인센티브와 기회가 주어집니다.
•  함께하는 성장: 역량을 키우고 주도적으로 일하는 문화를 지향, 20대 초반 팀원도 리더로 성장할 수 있어요.
[우리가 만드는 미래]
•  글로벌 타깃 콘텐츠 제작부터 유통 채널 구축, IP 개발까지 다각도로 사업을 확장하고 있어요.
•  국내를 넘어 일본, 미국 등 글로벌 시장에서도 인정받는 콘텐츠 에이전트로 도약 중입니다.
•  목표는 2026년 글로벌 콘텐츠 플랫폼 TOP 클래스 진입. 현장의 열기, 함께 느껴보실래요?
[언론 속 패스트뷰]
•  흑자전환·330억 매출/15억 영업이익 달성:
https://n.news.naver.com/mnews/article/018/0005933916?sid=101
•  일본 도쿄 법인 설립, 글로벌 공략:
https://n.news.naver.com/mnews/article/092/0002353144?sid=105
•  서비스 구독자 100만 돌파:
https://n.news.naver.com/mnews/article/008/0005074370?sid=101
•  KB Pay 앱 콘텐츠 제공:
https://n.news.naver.com/mnews/article/092/0002330662?sid=105
•  ‘아기유니콘 플러스’ 선정:
https://n.news.naver.com/mnews/article/092/0002258705?sid=105
[지금이 합류할 최적의 타이밍!]
•  성장 가도에 올라탄 패스트뷰와 함께, 국내 넘어 글로벌 무대에서 당신의 역량을 펼쳐보세요.
•  당신이 만든 콘텐츠, 당신이 기획한 캠페인이 수백만 명의 일상을 바꿀 수 있는 기회입니다.
함께 만들어갈 내일이 더 기대되는 회사, 패스트뷰에서 뵙길 기다리겠습니다!
열정과 아이디어, 그리고 도전을 두려워하지 않는 여러분의 지원을 환영합니다.","[주요업무]
• 신규 기능 개발 및 기존 서비스 고도화
• 보다 나은 사용자 경험을 위해 콘텐츠 유통 시스템의 데이터 품질 유지 등 서비스 개선
• 효율적이고 안정적인 서비스 운영을 위한 인프라 구조 및 성능 개선
저희는 다음과 같은 언어 및 기술 베이스로 일하고 있습니다.
• Kotlin, Spring boot, JPA/Hibernate, MySQL, Redis
• Node, Python
• MySQL, Redis, Elasticsearch","• 백엔드 경력 3년 이상
• Kotlin 사용경험 (또는 JAVA 11 이상 사용 경험)
• AWS 사용 및 운영 경험
• B2B, B2C 어드민 개발 경험
• Spring Boot 환경에서 RESTful 서비스 개발 경험
• 새로운 기술을 학습하여 꾸준히 성장할 수 있는 분
• 웹 애플리케이션 성능 최적화, 유지보수, 트러블슈팅 경험","• 인사이트 수집 / 분석을 통해 서비스 개선 경험이 있으신분
• 개발 리딩 경험이 있으신분
• 서비스의 기획부터 출시, 운영까지 직접 실행해 본 경험이 있으신 분
• 협업을 위한 개발도구를 활용하여 프로세스를 만들고 표현할 수 있는 분
• 원활한 커뮤니케이션을 바탕으로 구성원에게 무엇이든 도움을 주실 수 있는 분",,"“패스트뷰는 매년 트렌디한 인사제도와 혜택을 발 빠르게 업데이트하고 있습니다.”
1. 우리는 파격적으로 보상해요.
• KPI 기반 인센티브: 명확하고 공정한 평가를 통해 상당한 인센티브를 지급합니다.
• MVP 상여금: 팀별 우수평가사원을 선정해 추가 상여금을 드려요.
• 6개월마다 연봉 인상: 개인 역량 성장을 빠르게 반영해, 업계 최고 수준의 보상을 목표로 합니다.
• 특별 스톡옵션 기회: 개인 헌신과 기여도가 높을 경우, 스톡옵션을 제공해 함께 성장하도록 돕습니다.
• 리더급 특별 인센티브: 급여 외 별도 수당으로 리더십을 인정받을 수 있어요.
• 지인 추천 인센티브: 믿고 함께할 인재를 추천해 주시면, 최대 500만 원까지 드립니다.
2. 우리는 균형 있게 일해요.
•  유연·선택 근무 제도: 팀별로 탄력적인 근무 시간을 운영, 일과 삶의 균형을 챙겨요.
•  리프레시 휴가 지급: 연차별로 추가 유급휴가와 지원금을 드립니다.
- 1년 근무: 유급휴가 1일
- 2년 근무: 유급휴가 2일
- 3년 근무: 유급휴가 3일 + 50만원
- 4년 근무: 유급휴가 4일
- 5년 근무: 유급휴가 5일 + 100만원
•  경조사비 & 경조휴가: 든든한 지원으로 함께 기쁨과 슬픔을 나눕니다.
•  연차·반차·반반차 자유롭게 사용: 이유 불문, 눈치 볼 필요 없이 마음 편히 휴가를 낼 수 있어요.
3. 우리는 일할 맛 나게 즐겁게 일해요.
•  생일엔 반반차: 소중한 생일을 오후부터 온전히 즐기실 수 있도록 배려해요.
•  명절 선물: 연간 총 백화점 상품권 40만 원을 지급합니다.
•  출산 축하 선물: 기쁨을 함께 나누기 위한 다양한 패키지가 마련돼 있어요.
•  전사 공모전 & 이벤트
- 네이밍, 로고, 퀴즈 등 아이디어 공모전을 열어 500만원 이상의 상금을 드리는 등 큰 즐거움이 함께해요.
- 매월 미니 이벤트, 분기별 메이저 이벤트로 풍성한 상품이 준비돼 있어요.
4. 우리는 최고의 대우를 해드려요.
•  무제한 스낵바: 에스프레소 머신, 신선 원두, 각종 음료·간식 등 편의점급 스낵룸을 24시간 무료로 제공합니다.
•  팀별 활동비 지원: 맛집탐방, 단체 마사지, 영화 관람 등 팀 빌딩 활동에 아낌없이 지원해요.
•  법인 스마트폰 & 통신비: 필요 시 업무 효율을 위해 법인폰과 통신비를 지원받을 수 있어요.
•  교육·도서비 지원: 직무 관련 서적, 온라인 강의, 외부 컨퍼런스·세미나 등 꾸준한 성장 기회 보장!
•  청년중소기업 소득세 감면: 청년 근로자의 세금 부담을 줄이고, 자산 형성을 돕는 제도를 활용하고 있어요.
5. 우리는 일할 맛 나는 환경을 갖췄어요.
•  강남역 초역세권: 강남역 4번 출구에서 도보 4초 거리, 패스트파이브 강남2호점 두개 층을 사용 중입니다.
•  카페 같은 라운지 & 휴게 공간: 소파·폰부스·다양한 회의실 등, 편안하면서도 창의적인 공간에서 일할 수 있어요.
•  수평적 호칭: 직급 대신 “님” 호칭 사용, 원활하고 자유로운 소통을 지향해요.
•  자유로운 복장: 불필요한 격식 없이, 편안한 차림으로 업무 효율을 높일 수 있습니다.
이 모든 혜택과 함께, 패스트뷰는 언제나 더 나은 제도와 문화를 고민하고 있습니다.
우리와 함께 ‘즐겁고 효율적’으로 일할 준비가 되셨나요?","서울 강남구 강남대로 364, 12층",
(주)펫프렌즈,2025.07.17,2025.07.17 상시 채용,프론트엔드 개발,3 ~ 5년,서울,정규직,"펫프렌즈는 2015년에 고객들의 반려동물을 걱정하는 마음을 공감하며 원하는 시간에 배송하는 심쿵배송 서비스를 시작한 이후, 새벽배송 서비스를 필두로 반려동물 생애 전반에 걸친 서비스를 제공하며 현재 매출액 기준 국내 1위 펫커머스 기업으로서의 자리를 굳히고 있습니다.
---------------------------------------------------------
[펫프렌즈 연혁]
2018년 매출 30억원
2020년 매출 400억원
2021년 사모펀드 IMM PE, GS리테일 공동 인수, 매출 608억원 이상 달성
2022년 연간 거래액 1,032억원, 매출액 864억원
2023년 앱 MAU 31만명, 누적 다운로드 수 약 190만건
2023년 역대 최고치인 거래액 1,234억원, 매출액 1,030억원 달성
2024년 월간 손익분기점(BEP)을 넘어 흑자전환 달성
---------------------------------------------------------
펫프렌즈 가치개발본부는 펫프렌즈 고객들이 앱을 사용함에 있어 불편함이 없도록 기존의 서비스를 개선하고 새로운 시스템과 기능들을 개발하고 고도화 합니다.
펫프렌즈의 개발조직은 총 4개의 팀으로 이루어져 있습니다.
• Internal Service팀(발주/판매자/WMS,주문배송),
• 플랫폼개발팀(검색/모바일/데이터),
• 커머스개발팀(Pre-Order/Post-Order/User),
• QA팀
펫프렌즈는 개발자들이 성장할 수 있도록 적극적으로 지원하며, 동료들과 실무 기술이나 코드에 대해 자유롭게 논의할 수 있는 환경을 제공합니다. 스프린트 플래닝으로 목표를 명확히 하고, 회고를 통해 문제를 개선하며, 서로 협력할 수 있는 부분이 있다면 함께 해결합니다.
＞ 펫프렌즈 기술블로그를 통해 개발본부에서 하는 일들을 소개하고 있습니다.
https://techblog.pet-friends.co.kr/","주요업무
1. 펫프렌즈 모바일 APP/WEB 서비스 개발 및 기존 서비스 유지보수
2. UI/UX 디자인 기술적 구현
3. 기존 코드베이스에 새로운 기술을 적용해 코드 최적화 및 개선","1. 경력 3~5년차
2. ReactJS 개발에 능숙하신 분
3. JavaScript(es6), CSS3, HTML5 능숙하신 분
4. Git 및 GitHub 기반 협업에 능숙하신 분
5. 새로운 기술에 관심이 많고, 기술 도입에 도전적인 분
6. 모바일 또는 반응형 웹 개발 경험","1. VueJS 사용 경험
2. NextJS 사용 경험
3. 레거시 코드 리팩토링 경험",서류전형 ＞ 사전과제 ＞ 대면면접(실무+컬쳐핏) ＞ 처우협의 ＞ 입사 확정,"[반려동물 복지가 있는 특별한 회사, 펫프렌즈]
• 붙어있어도 항상 보고픈 내 아가들 혼자 두지말아요! (반려동물 동반 출근 가능)
• 반려동물 경조제도(반려동물 입양, 생일, 장례 시 지원 등 포함)
• 펫프렌즈앱 반려동물 용품 구매 지원
• 협력 동물병원 상시 할인 제공
[업무에 집중할 수 있는 환경을 제공해요]
• 일할 맛 나는 펫프근무 환경을 위하여 탄력근무제 실시중!
• 옷이 편해야 업무도 잘되지 200% 자율복장!! (모자, 반바지 등 OK)
• 업무 관련 최고급 장비 지원 해드려요! 그대는 열심히 일만 해주세요
• 직급 없는 수평 문화 존중해요 (영어 호칭 사용)
[충분한 휴식을 지원해요]
• 열심히 일한 그대들이여 놀자! 2년 근무시, 의무 리프레쉬 휴가 제공
• 생일 당일 조기퇴근
• 자유롭게 사용 가능한 휴가 언제든지 떠나자!
• 시간을 효율적으로 써요 2시간 반반차 사용 가능
• 야근 택시비를 지원합니다! 안전하게 귀가해요.
[맛있는 식사를 제공해요]
• 사내카페 운영! 간식, 음료값은 걱정말아요!
*바리스타가 직접 내려주는 음료는 하루 4잔까지 무료 제공*
• 본인 카드 긁지마요! 밥은 회사가 쏜다! (중식, 석식 등은 재택 중에도 지원)
[이외에도 다양한 것을 지원해드려요]
• 일 잘하는 그대! 명확한 성과 달성 시, 인센티브 및 스톡옵션 등 다양한 혜택을 제공
• 배우자까지 종합건강검진 무료지원",서울 강남구 도산대로4길 15 큐브타워,
(주)프리윌린,2025.07.08,2025.07.08 상시 채용,백엔드 개발,8 ~ 15년,서울,정규직,"“교육을 더 스마트하게, 더 많은 사람들이 누리도록”
우리의 기술이 교육을 더 스마트하게 만들어
더 많은 선생님과 학생들이 더 좋은 교육을 경험하도록 하는 것,
프리윌린이 만들어 나가고 싶은 세상입니다.
선생님을 위한 1등 수학 솔루션 ‘매쓰플랫’ 은 지속적인 수익 창출이 가능한 정기 구독형 SaaS 로
창업 초기 손익분기점 (BEP) 돌파하며 ‘좋은 교육과 더 나은 세상’ 을 위한 여정을 시작했어요.
이후 22년 중소벤처기업부 주관 아기유니콘으로 선정되었고
23년에는 쿠팡, 배달의 민족 등을 발굴한 알토스벤처스, 스마일게이트 인베스트먼트 등 국내 TOP VC 로 부터 시리즈 B 투자를 확정하면서
런웨이가 5년 이상 될 만큼 재무 안정성을 갖추었어요. 뿐만 아니라 창업 이후 연 평균 62%의 매출 상승률을 기록하며 가파르게 성장하고 있죠.
23년 연말결산 결과, 누적 고객 수 200만 명을 돌파! 재구매율 98.2% 달성하면서
학원 등 각종 수학 교육기관에서 업계 1위의 입지를 단단히 하는 동시에 교육청, 학교 등 공교육 영역에서도 도입도 많이 늘어나고 있고,
앞으로 AI 신기술 도입, 서비스 초개인화를 통해 국내에서 더 견고한 성장과 약 8,000조 규모의 글로벌 교육 시장에서 비즈니스 확장을 예정하고 있는데요,
지나온 성장보다 더 큰 도약을 앞두고 있는 프리윌린,
’스마트한 기술과 더 나은 교육’ 을 위한 여정에 함께할 분들을 기다리고 있을게요!
【 자세한 내용이 궁금하다면? 】
프리윌린 자세히 보기 :
https://freewheelin-recruit.oopy.io/
매쓰플랫 자세히 보기 :
http://www.mathflat.com/","• 콘텐츠 저작 도구 백엔드 개발
• 아이디어를 신속하게 개발하고 검증
• 변화하는 요구사항에 맞춰 다양한 기술 활용
• 실무팀과 긴밀하게 협업하여 각 팀의 생산성 향상을 도모
• AI와 연계하여 기능 개발","• 서버 개발 경력 8년 이상
• Java Spring 또는 Kotlin 필수
• Golang, Python, Node.js 중 1가지 이상 활용하여 서버를 개발한 경험이 있으신 분
• 데이터베이스 (RDB/NoSQL) 모델 설계, ORM을 활용한 데이터베이스 개발 경험이 있으신 분
• AWS 및 Cloud 기반의 개발 및 운영이 가능하신 분","• 기획과 설계에서 적극적으로 참여하신 분
• 새로운 기술을 도입하고 좋은 사례로 이끌어낸 분
• 다양한 AWS의 기술을 사용하고 성능 최적화를 적용해 보신 분
• 오픈소스 기여 경험이 있으신 분
• 스타트업 근무 경험 우대
• Kubernetes 또는 컨테이너 인프라 환경 구축 및 운영 경험이 있으신 분
• AI를 활용한 작업 효율화에 관심이 있으신 분
• GPT 등 LLM 모델을 활용하는 기능을 개발해 보신 분","[ 제출 서류 ]
• 자유양식의 이력서 & 자기소개서
• 프로젝트 저장소(필수)
• 경력기술서 또는 포트폴리오(선택) / 프로젝트 저장소가 없을 시 필수
* 서류전형 통과자에 한하여 기타 추가 서류를 요청할 수 있습니다.
* 서류에 기재한 내용과 사실이 다를 경우 합격이 취소될 수 있어요!
[채용 절차]
서류 전형 > 과제 > 1차 인터뷰 (실무진) > 2차 인터뷰 (경영진) > 최종 합격 (연봉협상)
* 채용 절차는 변경될 수 있습니다.","[프리윌린을 소개합니다!]
프리윌린은 수학 선생님을 위한 정기 구독 문제은행 서비스 '매쓰플랫'과 학생 대상 '풀리'를 서비스하는 에듀테크 스타트업입니다.
2017년 설립 초기에 ‘프라이머’에서 시드 투자, 2021년 ‘알토스벤처스’와 ‘DSC인베스트먼트’에서 시리즈 A 투자를 집행했고요, 첫 서비스 론칭 후 매출 성장율 850%를 기록, 창업 초기에 손익분기점(BEP) 돌파, 재구매율 97% 이상, 총 6,000개 ‘매쓰플랫’ 고객사를 확보로 시장 우위를 점하며, 시장 점유율 1위를 기록하고 있습니다.
21년 시리즈 A 투자 이후 조직 규모도 2배 이상 성장하였고,
2023년 6월 Series B 규모(70억) 투자를 추가로 유치하며 새로운 도약을 꿈꾸고 있어요.
[매쓰플랫, 서비스 성장세를 알려드려요]
프리윌린은 지난 5년간 850%의 매출성장률을 기록했고, 그 공로를 인정받아 아기 유니콘에 선정되었어요. 현재 내부에 약 100명의 인원이 함께 근무 중인데요, 회사의 지속적인 성장에 따라 채용 인원도 계속 늘어나고 있는 상황이에요.
[웰컴 프리윌린]
• 트렌드에 맞는 비포괄임금제로 연장근로 수당도 빠짐없이 챙겨드려요! 문자 그대로 보너스인 성과급도 목표 달성 시 지급합니다.
• 웰컴 키트 및 맥북, LG그램, 4K 모니터 등 업무에 맞는 고사양 장비를 드려요!
• 입사 첫날 오리엔테이션과 팀별 온보딩으로 새로운 환경과 업무에 대한 걱정을 덜어드려요!
• 한달에 한 번 랜덤 런치를 통해 다양한 팀의 친절한 동료들과 교류해요!
[식사 걱정은 하지마세요!]
• 프리윌린은 식대 금액에 제한이 없어요 (아웃백도 가능!)
• 연장근로를 한다면 저녁 식대도 무제한이랍니다.
• 매주 다양한 간식과 음료들로 입이 심심하지 않아요!
[열심히 일했으면 떠나야겠죠?]
• 프리윌리너는 연차 부자! 2년차부터 24일의 연차를 지급해요!
• 휴가 사용을 못했다면 임금으로 보상해드려요.
• 경조 휴가도 꼼꼼히 챙겨드려요. 경조금도요. #결혼 10일 #형제자매 결혼 # (배우자) 부모님 환갑/칠순/팔순
• 연차와 반차, 반반차 (2시간)를 지원해 연차 활용도가 높아요!
• 당일에도 휴가를 사용할 수 있어요.
[좋은 환경을 위해 늘 신경쓰고 있어요!]
• 별도의 라운지 공간이 있어 대화나 업무를 즐길 수 있어요 #커피머신 #소파베드 #빈백 #제빙기
• 휴게시간에 꿀잠을 잘 수 있는 수면 공간도 있어요.
• 서울대입구역에서 도보 10분 거리에 사무실이 있어요.
[회사의 성장만큼 여러분의 성장에도 책임을 다해요!]
• 직무 관련 도서라면 무제한 지원해드려요.
• 업무 역량 강화를 위한 강의나 세미나 역시 전액 지원해드려요.
[명절과 생일, 안 챙기는 회사가 아직도 있나요?]
• 명절에 1++ 한우 세트를 집으로 배송해드려요!
• 생일에 신세계 상품권 5만원을 드려요!
[ 어떤 사내 문화를 가졌을까요?]
• 쌤이라는 호칭을 사용해 수평적으로 소통해요.
• 익명으로 CEO에게 다양한 질문을 할 수 있는 ‘‘기성쌤에게 물어봐’ 를 운영하고 있어요. 질문에 대한 답은 매달 타운홀미팅에서 해드립니다.
• 타운홀미팅에서 비즈니스 현황을 공유해요.
• 전 직원이 근래 집중하고 있는 업무 현황을 What’s Up 게시판에서 공유해요!
• 팀 단위 회의/회식/세미나를 위한 비용을 지원해요!
• 매년 트리를 장식하고 크리스마스 행사도 진행해요 #지난해_마니또_골든벨_영어퀴즈_선물
[건강과 생활까지 책임지는 프리윌린]
• 종합 건강검진을 지원해요. 검진일에 0.5일의 건강검진 휴가를 드립니다.
• 헬스장 이용 가격을 할인받을 수 있어요. (PT 포함)
• 집토스에서 중개수수료를 할인받을 수 있어요.
• 삼성 에듀테크몰에서 전자 제품 구매 시, 할인 혜택을 드려요!","서울시 관악구 관악로 217 동진빌딩 1층, 3층, 11층 (주)프리윌린",
(주)플래티어,2025.07.19,2025.07.19 D-69,"소프트웨어 개발, 소프트웨어아키텍트",3 ~ 20년,서울,정규직,"(주)플래티어는 2021년 8월 코스닥 시장에 상장한 디지털플랫폼 전문 기업으로, 크게 이커머스-마케팅(CM) 부문과 통합 디지털 전환(IDT) 부문으로구성되어 있습니다.
IDT(Integration ofDigital Transformation)부문은 기업의 디지털 전환을 위한 컨설팅 및 필요한 IT인프라 환경을구축해 주는 솔루션을 제공 합니다.
다양한 경험과 기술력을 바탕으로 디지털 전환에 필수 요소인 협업(Collaboration) 플랫폼과 IT조직을 위한 데브옵스(DevOps)플랫폼을 갖추고 있어 기업의 디지털 전환을 빠르고 혁신적으로 이끌어 내는 역할을 수행 합니다.
IDT부문은 협업을 위한 Atlassian 제품, DevOps CI/CD를 위한 CloudBees, CT를 위한 Tricentis 같은 제품을 국내에 공급하고 있으며, 데브옵스 및 애자일 컨설팅 영역의 독보적 능력을 보유하고 있는 기술 중심의 사업 역량을 가지고 있습니다.
IT분야는 너무도 다양한 영역이 있으며, 약간은 낯설기는 하지만 엔지니어링 부분에 도전해서 자신의 커리어를 저희와 함께 쌓아 가실 도전적이고 긍정적인 마인드를 가진 분을 찾고 있습니다.","• GitLab, CI/CD 파이프라인의 설계, 구현 및 유지보수
• Kubernetes 클러스터 내 CI/CD 도구 설치, 배포 및 운영
• 애플리케이션의 자동화된 배포 및 모니터링 시스템 개발
• 인프라 및 애플리케이션의 성능 최적화
• 장애 대응 및 문제 해결","• GitLab CI/CD 및 관련 도구들에 대한 유경험자 (GitLab Runner, GitLab CI/CD Pipelines 등)
• Docker 및 컨테이너화 기술에 대한 숙련도
• 클라우드 서비스(AWS, GCP, Azure 등)에 대한 경험
• 인프라 자동화 도구(Terraform, Ansible 등) 사용 경험
• 시스템 성능 모니터링 및 장애 대응 경험","• GitOps 및 CI/CD 모범 사례에 대한 이해
• Helm, Istio, Prometheus 등 Kubernetes 관련 도구 사용 경험
• 대규모 분산 시스템 설계 및 운영 경험
• 오픈 소스 커뮤니티 활동 또는 기여 경험",서류전형 -> 1차 면접 -> 레퍼런스 체크(1차 합격 시) -> 2차 면접 -> 처우협의 -> 최종합격,"• 기본적인 것은 확실하게!
- 4대 보험 가입
- 내일 채움 공제 지원
- 단체 상해 보험 (실비 보험) 가입
• 여러분의 성장을 응원합니다!
- 자유롭게 스터디 및 각종 컨퍼런스에 참석할 수 있어요. 물론 비용도 지원!
- 장비 지원금 (노트북 / 디지털 장비)을 제공해요.
- 업무 관련된 도서비 구입 비용도 지원해 드려요.
• 팀 내 / 팀 간 긍정적 에너지를 통해 업무 능률 쑥쑥!
- 각종 동호회 활동 비용을 지원해 드려요.
- 팀별 회식비도 지원해 드려요.
• 일과 삶의 균형도 중요하죠!
- 빠른데이 (매월 셋째 주 수요일 5시 퇴근) 문화가 있어요.
- 유연 근무제(8시~10시 반 자율 선택)를 시행하고 있어요.
- 설날, 추석, 창립기념일은 따뜻하게 보내세요. (상여금 지급)
- 자유로운 연차 사용을 보장해요.
• 즐거운 일과 슬픈 일에도 함께해요!
- 생일자에게 기프티콘 지급!
- 각종 경조사비 경조휴가 지원해 드려요.
• 쾌적하고 즐겁게 일할 수 있어요!
- 휴게 공간에 안마의자와 각종 음료수, 커피머신이 있어요.
- 스트레스 해소를 위한 게임기를 보유하고 있어요.
- 딥러닝 모델링을 위한 고사양 워크스테이션을 보유하고 있어요.","서울특별시 송파구 법원로9길 26 D동 6층(문정동, 에이치비지니스파크)",
(주)피닉스다트,2025.05.26,2025.05.26 상시 채용,게임개발,7 ~ 15년,서울,정규직,"(주)피닉스다트는  디지털 다트게임기 ""피닉스"" 를 개발 및 제조하여 한국과 일본에서 활발한 사업을 전개하고 있습니다.
한국에 다트가 본격적으로 보급되기 전인 20년 전부터 전자다트를 개발/생산하였고 해외에서 먼저 인정받은 제품으로 현재 다트 종주국인 미국과 아시아 최대 시장인 일본, 홍콩, 중국, 유럽의 프랑스와 스페인, 포트투갈 등 세계 28개국에 진출해 있습니다.","• 다트머신 os개발 및 유지보수
• 다트머신 네트워크, 시스템 프로그램 개발
• 배틀다트 동영상 송,수신 모듈 개발, 유지보수
• 업데이트 서버, p2p서버, 스트리밍 서버 운영 및 개발
• 다트 머신 터치 모듈, 신용카드, 카메라 등 하드웨어 제어 프로그램 개발","• 학력: 4년제졸 이상
• 경력: 8년 이상
• 성별: 성별 무관
• 리눅스에서 c/c++, python을 이용한 시스템 프로그래밍 경험 있으신 분 (카메라, 동영상 송수신, 신용카드 결제 등)
• 오픈소스를 이용한 시스템 구축 경험이 있으신 분 (직접 빌드, 코드수정, 클라이언트, 서버 구축 등)
• buildroot를 이용한 임베디드 리눅스 경험이 있으신 분","• IT 관련학과 전공자
• Django 경험이 있으신 분
• AWS(EC2, S4, RDS 등) 관련 지식, 개발 경험을 보유하신 분",서류전형 - 1차면접 - 2차면접 - 처우협의 - 최종합격,"• 4대 보험, 퇴직금, 연차휴가 등 법정 복리후생
• 경조사 지원(경조금 및 경조휴가 지급)
• 가정의달 문화 활동 지원(20만원 상품권)
• 여름 휴가비 지급(30만원)
• 기념일 선물(기프티콘 지급)
• 장기근속 포상제도(근속 포상금 및 포상휴가 지급)
• 인재추천 포상금
• 명절선물 지급
• 희망도서 구입 지원
• 넓고 안락한 사내 휴게실 이용(무료 간식/커피머신 이용 가능)
• 휴게실 다트 무료 이용 가능
• 당사 직영매장 이용 시 직원 할인
• 주택자금 대여",서울 구로구 디지털로26길 111 306호,
(주)화이트큐브,2025.07.22,2025.07.22 상시 채용,프론트엔드 개발,3 ~ 8년,서울,정규직,"지금 해결하고 있는 문제
• 챌린저스(사용자) - 돈 걱정 없이, 압도적으로 저렴한 가격에 뷰티 제품을 득템합니다.
• 챌린저스(브랜드) - 비용 걱정 없이, 어떤 마케팅도 보장 못했던 매출을 보장 받습니다.
챌린저스, 습관앱에서 뷰티득템앱으로 폭발적인 사업 확장
• 매출 J 커브 : 2022년 38억 → 2023년 58억 → 2024년 147억
• 2년 연속 흑자 : 2024년 영업이익 15억 달성
• 수십·수백조 시장으로 : 글로벌(미국/일본)로, 뷰티를 넘어 식음료/건기식/패션까지
팀 화이트큐브를 소개합니다.
• 목표 달성에 대한 집요함과 간절함이 있는 동료들 (이렇게까지 해야 해? 가 지겨우신 분!)
• 팀원들의 남다른 노력과 성과에 대한 충분한 보상 (매년 6월, 12월 연봉 인상)
• 신뢰를 바탕으로 한, 일에 대한 온전한 결정 권한 (시도와 비용은 담당자가 직접 결정)
더 알아보기
• [EO 영상] 15억 프로젝트 2번 실패하고 배운 제품 성장 방법론 :
https://bit.ly/3Y7GDco
• [인터뷰] 습관에서 뷰티득템으로! :
https://teamchallengers.oopy.io/v2
• [기사] 챌린저스, 2024년 연 매출 150억원 달성! :
https://abit.ly/gr14wo
• [기사] 챌린저스, 광고사업서 돌풍 :
https://abit.ly/z2f2po
• [포스팅] 이번엔, 전사 허먼밀러 의자입니다. :
https://bit.ly/3W6gUQz
• [EO 영상] 15억 프로젝트 2번 실패하고 배운 제품 성장 방법론 :
https://bit.ly/3Y7GDco","지금 해결하고 있는 문제
• 챌린저스(사용자) - 돈 걱정 없이, 압도적으로 저렴한 가격에 뷰티 제품을 득템합니다.
• 챌린저스(브랜드) - 비용 걱정 없이, 어떤 마케팅도 보장 못했던 매출을 보장 받습니다.
챌린저스, 습관앱에서 뷰티득템앱으로 폭발적인 사업 확장
• 매출 J 커브 : 2022년 38억 → 2023년 58억 → 2024년 150억
• 2년 연속 흑자 : 2024년 영업이익 20억 달성
• 수십·수백조 시장으로 : 글로벌(미국/일본)로, 뷰티를 넘어 식음료/건기식/패션까지
팀 화이트큐브를 소개합니다.
• 목표 달성에 대한 집요함과 간절함이 있는 동료들 (이렇게까지 해야 해? 가 지겨우신 분!)
• 팀원들의 남다른 노력과 성과에 대한 충분한 보상 (매년 6월, 12월 연봉 인상)
• 신뢰를 바탕으로 한, 일에 대한 온전한 결정 권한 (시도와 비용은 담당자가 직접 결정)
더 알아보기
• [인터뷰] 습관에서 뷰티득템으로! :
https://teamchallengers.oopy.io/v2
• [기사] 챌린저스, 2024년 연 매출 150억원 달성! :
https://abit.ly/gr14wo
• [기사] 챌린저스, 광고사업서 돌풍 :
https://abit.ly/z2f2po
• [포스팅] 이번엔, 전사 허먼밀러 의자입니다. :
https://bit.ly/3W6gUQz
주요업무
• 앱/웹 서비스 및 백오피스 프론트엔드 개발 (React Native/React)
• 기존 기능 및 신규 기능 기획을 함께 고민하고, 개발을 통한 구현
• 보다 나은 사용자 경험과 비즈니스 성장을 위한 프론트엔드 개발 환경 개선
• 비즈니스 성장을 위한, 빠른 실험과 시도","• 사용자 경험과 고객 가치를 최우선으로 하여 개발을 통해 비즈니스 성장에 기여하고 싶은 열망이 있는 분
• 진짜 ‘성공’을 만들고자 하는 열망이 강한 분.
• 3년 이상의 경력 혹은 준하는 경험을 갖고 계신 분
• 이 업무를 왜 해야 하는지를 항상 고민하며, 해당 이유를 근거로 팀원들을 설득할 수 있는 분
• React Native 혹은 React 로 완성된 서비스를 개발, 배포, 운영한 경험이 있으신 분
• 여러 직군의 팀원들과 소통하며 일하는 과정을 즐기시는 분","• 효율적인 문제 해결을 위해 항상 주도적으로 고민하시는 분
• 기술 그 자체의 개선보다, 기술을 통해 고객 중심의 비즈니스 문제를 해결해본 적이 있는 분.
• 비즈니스 성과를 달성하기 위한 개발 업무에 깊은 관심이 있으신 분
• TypeScript와 같은 정적 타입 언어 개발 경험이 있으신 분
• 컴퓨터공학 전공 혹은 이에 준하는 지식 및 활용 역량이 있으신 분","• 서류 전형 ＞ 1차 라이브코딩 테스트 및 기술 인터뷰 ＞ 2차 문화 인터뷰
• 개인의 역량과 강점에 맞춰, 더 적합한 비즈니스와 팀, 또는 업무 역할로 배치 및 제안 드립니다.
• 합류 이후, 조직의 목표 달성과 강점 및 적합성에 따라 추가적으로 역할 조정이 이루어질 수 있습니다.
*경력직의 경우, 1차 전형 이후 평판 조회를 요청 드릴 수 있습니다.","이 포지션에서 얻을 수 있는 것
■ 화이트큐브에서 개발자가 일하는 방식
• 상호 코드리뷰가 보다 더 잘 이루어 질 수 있도록 기능 개발에 필요한 작업을 작은 단위로 나눠서 진행합니다.
• 이슈가 발생하는 상황에서도, 다같이 해결할 수 있는 동료들이 모여있습니다. (범인을 찾지 않고, 문제해결에 집중하는 동료들이 모여있어요.)
■ 화이트큐브 팀원에게 제공되는 다양한 혜택이에요.
[건강하게 보상해요.]
• 업계 상위 수준 연봉 I 훌륭한 팀원들에게 걸맞는 최고 수준의 처우로 대우해요.
• 연봉 협상 I 팀원들의 성과에 보답하기 위해 1년에 2회 진행해요.
(팀의 성장을 함께 나누기 위해, 모든 팀원이 스톡옵션을 선택할 수 있어요.)
• 다양한 복지 I 팀원들이 몸도 마음도 건강하게 일하도록 지원해요.
[업무에만 집중할 수 있는 환경을 조성해요.]
• 누구든지 자유롭게 가설을 제안하고, 함께 시도하여, 목표 달성
• 선릉역 도보 5분 위워크 오피스
• 매일 자율 출근(8시~10시)
• 1시간 단위의 휴가 사용
• 점심식사 지원 & 저녁식대 지원
• 설 / 추석 선물
• 간식 & 커피 무한 제공
• 경조사 휴가
• 야근 택시비
[팀의 지속적인 성장을 바라요.]
• 똑똑하고 서로의 성장에 진심인 동료들
• 업무 관련 교육비 무제한 지원
• 도서 구입 무제한 지원
[최신 장비를 제공하고, 주기적으로 교체해드려요.]
• 최신 모니터 제공
• 최신 노트북 제공(M4)
• ChatGPT 등 업무에 필요한 솔루션 구독비 지원
• 필요 소프트웨어 제공
[팀원들의 건강에 진심이에요.]
• 단체보험 (실손보험) 제공
• 고급 건강검진 제공
• 건강검진 휴가 제공
[건강한 팀이 되도록 지원해요.]
• 매달 대표 & 셀 리드와 1:1 티타임
• 팀 커뮤니케이션 비용 지원
• 신규 팀원을 위한 5일 간의 온보딩
• 신규 팀원을 위한 짝꿍 제도 (짝꿍 식사비 10만원 지원)",서울시 강남구 테헤란로 427 위워크 선릉2호점,
(주)화이트큐브,2025.07.22,2025.07.22 상시 채용,백엔드 개발,3 ~ 8년,서울,정규직,"지금 해결하고 있는 문제
• 챌린저스(사용자) - 돈 걱정 없이, 압도적으로 저렴한 가격에 뷰티 제품을 득템합니다.
• 챌린저스(브랜드) - 비용 걱정 없이, 어떤 마케팅도 보장 못했던 매출을 보장 받습니다.
챌린저스, 습관앱에서 뷰티득템앱으로 폭발적인 사업 확장
• 매출 J 커브 : 2022년 38억  2023년 58억  2024년 147억
• 2년 연속 흑자 : 2024년 영업이익 15억 달성
• 수십·수백조 시장으로 : 글로벌(미국/일본)로, 뷰티를 넘어 식음료/건기식/패션까지
팀 화이트큐브를 소개합니다.
• 목표 달성에 대한 집요함과 간절함이 있는 동료들 (이렇게까지 해야 해? 가 지겨우신 분!)
• 팀원들의 남다른 노력과 성과에 대한 충분한 보상 (매년 6월, 12월 연봉 인상)
• 신뢰를 바탕으로 한, 일에 대한 온전한 결정 권한 (시도와 비용은 담당자가 직접 결정)
더 알아보기
• [EO 영상] 15억 프로젝트 2번 실패하고 배운 제품 성장 방법론 :
https://bit.ly/3Y7GDco
• [인터뷰] 습관에서 뷰티득템으로! :
https://teamchallengers.oopy.io/v2
• [기사] 챌린저스, 2024년 연 매출 150억원 달성! :
https://abit.ly/gr14wo
• [기사] 챌린저스, 광고사업서 돌풍 :
https://abit.ly/z2f2po
• [포스팅] 이번엔, 전사 허먼밀러 의자입니다. :
https://bit.ly/3W6gUQz
• [EO 영상] 15억 프로젝트 2번 실패하고 배운 제품 성장 방법론 :
https://bit.ly/3Y7GDco","앱서비스, 웹 관리자 페이지에 필요한 API 개발 및 성능 최적화
신규 비즈니스 확장을 위한 MVP 설계 및 API 개발
서비스 아키텍쳐를 설계 및 Agile하게 프로덕트를 개선
기존 기능 및 신규 기능 기획을 함께 고민하고, 개발을 통한 구현
비즈니스 성장을 위한, 빠른 실험과 시도
CI/CD DevOps","[자격요건]
사용자 경험과 고객 가치를 최우선으로 하여 개발을 통해 비즈니스 성장에 기여하고 싶은 열망이 있는 분
진짜 ‘성공’을 만들고자 하는 열망이 강한 분.
Go, Java, Kotlin 등 어떤 언어로든 완성된 서비스를 배포, 개발, 운영한 경험이 있으신 분
이 업무를 왜 해야 하는지를 항상 고민하며, 해당 이유를 근거로 팀원들을 설득할 수 있는 분
3년 이상의 관련 경력 혹은 준하는 경험을 갖고 계신 분
컴퓨터공학 전공 혹은 이에 준하는 지식 및 활용 역량이 있으신 분
사용 언어 및 기술
백엔드
언어 : Go
데이터베이스 : MySQL, PostgreSQL, Redis
인프라 : AWS, Firebase, Docker
프론트엔드
코어 : React, TypeScript, Next.js
상태 관리 : React-Query, Zustand, Context API
스타일링 : Styled Component, TailwindCSS","효율적인 문제 해결을 위해 항상 주도적으로 고민하시는 분
기술 그 자체의 개선보다, 기술을 통해 고객 중심의 비즈니스 문제를 해결해본 적이 있는 분.
Go 언어에 관심이 있거나 익숙하신 분
배포 자동화 경험이 있으신 분
Kubernetes를 이용하여 실제 서비스를 운영해보신 분
k8s 등 클라우드 환경에서의 구축 및 운영 경험이 있으신 분","채용 절차 안내
✅ 입사 지원 후, 사전 설문조사 (
https://teamchallengers.oopy.io/survey)
를 꼭 제출해주세요! (5분 소요)
■ 채용전형안내
서류 전형 ＞ 1차 기술 인터뷰 ＞ 2차 문화 인터뷰 ＞ 처우협의 및 최종합격
1차 라이브코딩테스트 및 기술 인터뷰 (Google Meet)
지원서를 통해 공유해주신 내용을 바탕으로 갖고 계신 경력 및 기술 스택에 맞는 테스트를 요청 드려요.
간단한 코딩 테스트와 기술 인터뷰가 진행돼요. (테스트 언어는 자유롭게 선택 가능해요.)
백엔드 팀원이 참석해요.
약 30분~1시간이 소요돼요.
2차 문화 인터뷰 (선릉역 사무실)
함께 몰입하여 일할 수 있도록 서로의 컬쳐핏을 확인하는 자리예요.
(1차 인터뷰에서 나눈 이야기를 바탕으로 직무와 관련된 질문이 포함될 수 있어요.)
최혁준 대표와 채용담당자가 참석해요.
약 1시간이 소요돼요.
※ 경력직의 경우, 1차 전형 이후 평판 조회를 요청 드릴 수 있습니다.
※ 개인의 역량과 강점에 맞춰, 더 적합한 비즈니스와 팀, 또는 업무 역할로 배치 및 제안 드릴 수 있습니다.
※ 합류 이후, 조직의 목표 달성과 강점 및 적합성에 따라 추가적으로 역할 조정이 이루어질 수 있습니다.","팀 화이트큐브에 있는 것
1) 창업팀처럼 일하는 원팀(One Team)
(""이건 제 일이 아닙니다.""라고 말하지 않는 동료들)
2) 공동의 목표 달성에 대한 집요함과 간절함을 가진 동료들
3) '왜 이렇게 까지 하지' 라고 생각이 들 정도로 목표 달성을 위해 많은 시간을 투입하는 동료들
4) 자신의 업무에 대한 결정 권한과 그에 대한 회사 차원의 신뢰
5) 투명한 정보/데이터 공유와 그에 기반한 커뮤니케이션과 의사결정
화이트큐브 개발자가 일하는 방식
상호 코드리뷰가 보다 더 잘 이루어 질 수 있도록 기능 개발에 필요한 작업을 작은 단위로 나눠서 진행합니다.
이슈가 발생하는 상황에서도, 다같이 해결할 수 있는 동료들이 모여있습니다.
(범인을 찾지 않고, 문제해결에 집중하는 동료들이 모여있어요.)",서울시 강남구 테헤란로 427 위워크 선릉2호점,
(주)휴머스온,2025.06.02,2025.06.02 상시 채용,백엔드 개발,5 ~ 15년,서울,정규직,"휴머스온은, 현재 국내 점유율 1위의 크로스 채널 메시징 솔루션 ""TMS""를 기반으로 성장해왔습니다.
2017년도에는, 기존의 솔루션과 빅데이터가 결합되어 만난, 웹 서비스(SaaS)형태의 빅데이터 마케팅 플랫폼 ""TAS""을 런칭하여,
엔터프라이즈급 기업부터 소규모 쇼핑몰까지 아우르는 디지털 마케팅 SW 라인업을 구축했습니다.
2018년도에는, TAS의 빅데이터 엔진을 기반으로 하여 고객의 행동 추적부터 개인화 마케팅까지 자동으로 수행 가능한
마케팅 자동화 서비스 ""TAS마케팅자동화""서비스를 런칭했습니다.
휴머스온은, 신기술에 대한 지속적인 R&D 투자와
우리가 보유한 빅데이터, 그리고, 마케팅 테크놀로지 SW간의 시너지를 통해,
국내를 넘어 ""글로벌 빅데이터 마케팅 테크놀로지 컴퍼니""로 성장해나가고 있습니다.","- 통합 메시징 서비스(푸시, 이메일, 문자, 알림톡 등) 개발 및 운영
- AI 기반 메시징 서비스 적용 및 최적화
- 대규모 트래픽을 처리하는 안정적인 시스템 개발 및 유지보수
- Spring Boot 기반 백엔드 개발 및 성능 개선
- 메시징 인프라(Redis, Kafka, ActiveMQ 등) 운영 및 최적화
- 서버 및 애플리케이션 모니터링 및 성능 개선","- Java 및 Spring Boot 개발 경험 또는 학습 경험이 있는 분
- 데이터베이스(MySQL, Oracle 등)에 대한 기본적인 이해
- REST API 개발 경험 또는 개발에 대한 관심
- 새로운 기술을 배우고 활용하는 데 적극적인 분
- 4년제 학사 이상 IT 전공자","- AI(ChatGPT, Cursor, AI Assistant 등) 도구를 활용한 경험이 있는 분
- 메시징 시스템(Redis, Kafka, ActiveMQ 등)에 대한 관심이나 경험이 있는 분
- 클라우드(AWS, GCP, Azure 등) 환경에서의 개발 경험이 있는 분
- Kubernetes, Docker 등 컨테이너 기술에 대한 기본적인 이해가 있는 분
- 대규모 시스템 운영 및 성능 최적화에 관심이 있는 분","- 서류심사 ＞ 과제 전형 > 면접 전형(2차 면접 Optional) > 인적성 검사 > 처우 협의 > 최종 합격
- 채용팀과의 전화 인터뷰가 진행될 수 있습니다.
- 직무 연차 및 경력에 따라 레퍼런스 체크가 진행될 수 있습니다.
- 경우에 따라 2차 면접은 생략될 수 있습니다.",https://humuson.career.greetinghr.com/benefits1,"서울 강남구 선릉로 433, 10층",
(주)휴먼컨설팅그룹,2025.06.09,2025.06.09 D-29,"DBA(Database Admin.), 클라우드 개발, 프론트엔드 개발",3 ~ 7년,서울,정규직,"【회사 소개】
HCG 휴먼컨설팅그룹은 2001년 설립되어 국내 HR 시장을 선도하고 있는 HR 전문기업으로서, 국내에서 유일하게 인사/조직 컨설팅, e-HR 솔루션 및 급여 아웃소싱 영역을 아우르는 HR Total Solution Provider입니다.
HCG는 실질적이고 차별화된 고품질의 컨설팅과 50만 이상의 사용자가 검증한 국내 Top e-HR 솔루션 휴넬(hunel), 강소기업형 제이드(JaDE), 통합HR SaaS 서비스 탈렌엑스(talenx)를 차세대 성장 비전으로
통합적인 End-to-End 서비스를 제공하는 국내 최대/유일의 Total HR Tech 전문 기업입니다.
【AI×HR R&D센터】
HR 데이터 기반 AI 모델 개발, 프로세스 자동화 및 최적화 솔루션 개발, AI 기반 HR 전략 기획 및 동향
분석 등 인사 업무 전반의 혁신을 목표로 다양한 연구 활동을 수행하고 있습니다.","• 빠르게 변화하고 발전하는 AI agent 관련 기술들을 조사하고 활용 가능성을 검토합니다.
• 도메인 전문가, 서비스 기획자, 데이터 엔지니어와 함께 AI agent 개발 방향성과 적용방안을 논의합니다.
• 다양한 시나리오의 AI agent 워크플로우를 설계하고 pilot 서비스를 개발합니다.
• AI agent의 성능 향상, 안정성 확보, 사용자 경험 개선을 위해 필요한 환경을 개발합니다.","• 학사 이상 (전공 무관)
• AI/ML 적용 서비스 기획/설계/개발 업무 경험이 3년 이상 되시는 분
• 프로토타이핑, 패키지 배포 가능 수준의 Python 개발 역량이 있으신 분
【기술스택】
IT 관련
• Python (중급 이상)
• DBMS (ex. PostgreSQL, MySQL)
• REST API (ex. requests, FastAPI)
• 컨테이너 기술 (ex. Docker, Podman)
•클라우드 인프라 (ex. AWS, Azure)
•데이터 분석 (ex. pandas, scipy, scikit-learn)
AI 관련
• NLP 일반 (ex. gensim)
• 에이전트 프레임워크 (ex. AutoGen, Langgraph, PydanticAI)
• 벡터 데이터베이스 (ex. Chroma, pgvector)
• LLM 활용 (ex. OpenAI API, huggingface, transformers)
• 프롬프트 엔지니어링 (ex. system/user prompt, CoT, ReAct chain)","저희는 이러한 역량이 있는 분과 함께하고 싶습니다.
• 실제 프로젝트에서 Agent 프레임워크(AutoGen, Langgraph, PydanticAI 등) 적용 경험이 있으신 분
• agent 워크플로우 구현 시, 발생하는 문제를 분석하고 해결을 시도한 경험이 있으신 분
• AI 기술에 관심을 갖고 새로운 기술을 신속하게 학습하고 적용하는데 익숙하신 분
• 도메인 전문가, 기획자, 엔지니어 등 다양한 배경의 동료들에게 기술적 개념을 전달/소통할 수 있는 분","서류 전형 > 1차 면접(대면 or 비대면) > 2차 면접 > 최종 합격
*포트폴리오 제출 필수","【근무환경】
• 근무지 : 서울 서초구
• 근무조건 : 유연근무제
【복지 제도】
1. 근무 환경
• 유연 근무제
• 자유로운 연차, 반차, 시차 사용
• 경조, 포상, 모성보호 휴가
• 4대보험 및 퇴직연금
2. 풍성한 휴가&경조 혜택
• 각종 경조비 및 경조 휴가
• 명절, 출산, 생일 등 축하금 지급
• 우수사원, 장기근속자 보상
3. 아낌없는 성장 지원
• 온보딩 및 신입교육
• 직무능력 향상 교육
• 업무에 도움이 되는 온라인 교육 지원
4. 다양한 사내 문화
• 버디(Buddy) 제도
• 창립기념 행사 및 문화 이벤트
• 국내외 워크샵
• 활발한 취미 및 여가 모둠 활동
5. 각종 지원 제도
• 최대 대학병원의 종합건강검진
• 개인 부담을 덜어주는 단체상해보험
• 최신의 노트북 지원
• 통신비 지원
• 야간 식대 및 교통비 지원
• 자유롭게 활용 가능한 워케이션 플레이스 (속초)
[개인정보 수집ㆍ이용ㆍ제공 동의]
본인은 휴먼컨설팅그룹 입사 지원을 위하여 제공하는 모든 서류에 포함된 개인정보 수집 및 이용에 동의함을 확인합니다.","서울 서초구 사평대로 343, 3층",
111퍼센트(주),2025.07.28,2025.07.28 D-78,게임개발,5 ~ 15년,서울,정규직,"111퍼센트는 재미라는 본질에 집중합니다.
재미는 심플하고, 참신한 룰에서 나옵니다.
바둑이 흑과 백, 두가지 돌과 심플한 룰로 약 5,000년 동안 인류를 즐겁게 했고,
랜덤 다이스 디펜스가 주사위와 참신한 룰로 약 2,500만 유저를 즐겁게 했듯,
재미있는 게임은 기획부터 런칭까지 6개월이면 충분합니다.
다름 : 새로움과 혁신은 다름에서 시작되어 놀라운 결과를 만들어 냅니다.
빠름 : 실행력과 능동은 빠름에서 시작되어 새로운 대안을 만들어 냅니다.
111퍼센트는 위 핵심가치를 따라 매번 최고의 속도를 내며 계속해서 도전하고 있습니다.
변화와 실패를 두려워하지 않고, 빠르고 깊은 몰입을 통해 세상에 없던 재미를 개발하고 싶으신 분들을 두 팔 벌려 환영합니다.","111퍼센트는 세상에 ​없던 ​참신한 ​룰로 유저에게 ​새로운 재미를 제공하는 캐주얼 ​게임 ​회사 입니다.
우리는 ​단순히 게임을 만드는 ​게 아니라 ​장르의 ​기준이 됩니다.
우리는 ​혁신가이며, ​혁신은 ​다름에서 출발합니다.
게임을 사랑하고 ​창의력이 ​넘치는 당신,
홀로 또는 ​소수로 ​출시도 ​해보았지만 성과가 아쉬웠던 ​당신,
내가 만든 ​게임으로 ​글로벌 게임 ​시장을 제패하고 ​싶은 ​당신,
다양한 신작 게임을 ​끊임없이 개발 ​하고 싶은 당신
이런 나를 담지 못하는 세상이 아쉬웠던 당신,
111퍼센트에서 그 꿈을 실현하시면 어떨까요?
직무유형
• 정규직(수습기간 3개월)
담당업무
• Unity 엔진을 활용하여 게임 클라이언트 개발 및 라이브 서비스를 담당합니다.
• 단순 개발을 넘어, '게임 제작자'로서 끊임없이 재미의 본질을 고민하고 세상에 없던 게임을 함께 만들어갑니다.","• Unity 엔진을 사용한 게임 클라이언트 개발 경력이 5년 이상이신 분을 찾습니다.
• 전투 시스템 및 인게임 코어 로직의 설계, 구현, 확장에 대한 깊은 이해와 실무 경험을 보유하신 분을 찾습니다.
• 프로토타이핑부터 출시, 그리고 유저 피드백을 반영한 라이브 서비스까지 성공적으로 완주한 경험이 있으신 분을 찾습니다.
• 시간의 가치를 중요하게 생각하며, 능동적으로 문제를 정의하고 해결할 수 있는 분을 찾습니다.
• [필수제출] 포트폴리오 ( 직접 제작한 게임에 관한 포트폴리오 및 소스코드 )","• 모바일 캐주얼 게임에 대한 높은 이해도와 풍부한 플레이 경험을 보유하신 분이면 더 좋습니다.
• 실시간 멀티플레이 게임 개발 및 서비스 경험이 있으신 분이면 더 좋습니다.
(예: Photon, Netcode, Mirror 등 네트워크 라이브러리 사용 경험)
• 다양하고 참신한 게임 아이디어를 직접 구현하고자 하는 열정을 가지신 분이면 더 좋습니다.
• 빠르면서도 안정적인 코드 작성 능력과 클린 코드 작성 습관을 가지신 분이면 더 좋습니다.
• 111퍼센트와 함께 세계제패를 꿈꾸시는 분이면 더 좋습니다.",,,"서울 강남구 테헤란로 152, 33층",
리시드(주),2025.08.07,2025.08.07 상시 채용,웹퍼블리셔,0 ~ 2년,서울,정규직,"INTRODUCE
The Pleasure of Creative Thinking - End to End Marketing Service
디지털 마케팅 전략 수립을 위한 초기 컨설팅부터
플랫폼 구축, IMC 캠페인, 컨텐츠 개발, 마케팅 채널 운영, 분석 트래킹까지
리시드는 디지털 마케팅에 필요한 End to End 서비스를 제공하는 에이전시입니다.
.
Campaign
목적에 맞게 다양한 채널, 플랫폼, 기술, 컨텐츠, 매체를 활용한 IMC 캠페인 기획 및 실행이 가능합니다.
- 브랜드 런칭 및 시즌 캠페인/소셜 캠페인/디맨드(리드) 제너레이션 캠페인/세일즈 프로모션
.
Social
디지털 마케팅에서 소셜 채널은 그 무엇보다 의미가 있습니다.
채널 전략부터 인상적인 컨텐츠, KPI 관리까지 소셜을 잘 운영하고 캠페인에 잘 활용합니다.
- 페이스북/인스타그램/블로그
.
Contents
공감할 수 있고, 주목받을 수 있고, 브랜드에 어울리는 컨텐츠를 기획하고 제작합니다.
- 소셜/영상/디지털/온오프매거진/머터리얼/광고/카피라이팅
.
Web&Mobile
사용자의 동선, 핵심 컨텐츠, 채널의 역할, 마케팅의 목표를 이해하고 이를 위한 웹/모바일 플랫폼을 만듭니다.
- 홈페이지/브랜드사이트/쇼핑몰/멤버쉽사이트/어플리케이션/마이크로사이트
.
Consulting
단기적인 광고 캠패인이 아닌, 장기적인 디지털 마케팅 로드맵을 고민합니다.
- 분석 : AS-IS/트랜드/시장/타켓  전략 : 채널/메시지/컨텐츠/운영/KPI 수립","웹 퍼블리셔(신입 또는 1~2년 경력)
리시드의 웹 퍼블리셔는 리시드가 개발하고 운영하는 모든 서비스를 원활하게 제공하도록 돕는 역할로서,
삼성 헬스 서비스, LX지인 브랜드사이트 등을 퍼플리싱하고, 유지보수하는 역할을 담당합니다.
리시드는 담당 프로젝트에 대한 이해를 바탕으로 책임감 있게 업무를 수행하면서도 본인 발전에 적극적이며,
기획자, 디자이너 등 여러 업무 담당자와 매너 있고 원활한 커뮤니케이션이 가능한 분을 선호합니다.
주요업무
• 삼성 헬스 서비스 유지보수 (앱 콘텐츠, 이벤트, 프로모션 페이지 퍼블리싱 등)
• LX지인 브랜드사이트 유지보수 (HTML 퍼블리싱 등)
• 새로운 웹/앱 서비스 퍼블리싱 등 수반 업무 일체","• 웹, 모바일 트렌드에 대해 관심과 이해가 있는 분
• 프로 의식을 갖고 열정적으로 일하는 성향인 분
· HTML5, CSS3, JavaScript 에 대한 이해도가 있는 분
• HTML 하드 코딩이 가능한 분
• 반응형 웹 구현이 가능한 분
• 웹 표준, 웹 접근성, 크로스브라우징 마크업이 가능한 분","• (신입 지원자인 경우) 관련 분야 전공자인 분
• Adobe XD, Figma 등 그래픽 툴 활용이 가능한 분
• React.js, Vue.js 등 프레임워크 사용 경험이 있는 분
• Git Hub 활용 경험이 있는 분
• 다크모드 구현 경험이 있는 분","지원기간: 채용시 마감
채용절차
서류 검토 > 전화 인터뷰 > 컬처핏 면접> 처우협의 > 최종합격
* 컬처핏 면접은 서류 검토와 전화 인터뷰 전형 합격자에 한하여 진행됩니다.
제출서류
이력서 /자기소개서 / 포트폴리오
* 포트폴리오 : 퍼블리싱 작업물 소스를 확인할 수 있는 URL 또는 파일 첨부, Git Hub 등
(단, 최근 1년 이내 작업물만 인정, 팀 프로젝트 작업물인 경우 본인 참여 부분 명시 필수)
지원방법: 리시드 홈페이지 또는 온라인 지원
근무형태: 정규직
수습기간: 입사후 약 3개월
근무시간: 주5일(월~금) 10:00~18:00
급여조건: 신입, 경력 사항에 따라 면접 후 결정
근무지역: 서울시 강남구 선릉로 747,6층(논현동, 7호선 강남구청역 3-1번 출구)","주35시간 근무
탄력근무제
마지막주 금요일 단축근무
둘째주 금요일 점심시간 2시간
자유로운 복장
야근 강요 없음
회식 강요 없음
수평적 회의문화
자유로운 휴가사용
연말 휴무
생일 휴가
워킹맘&대디 휴가 지원
종합건강검진 지원
문화생활비 지원
교육비 지원
온라인강의 지원
웰컴 꽃다발&선물
단체 영화관람
간식 제공
근속휴가&축하금","서울시 강남구 선릉로 747, 6층",
매드업(주),2025.06.01,2025.06.01 D-21,"웹개발, 소프트웨어 개발",1 ~ 4년,서울,정규직,"▶  매드업은 기술을 기반으로 디지털 마케팅 시장을 이끌어갑니다.
웹과 앱을 사용한다면 누구나 하루에도 몇 번씩 디지털 마케팅을 마주하게 됩니다. 2021년 기준 약 8조 원, 그리고 앞으로도 폭발적으로 확대될 디지털 마케팅 시장의 핵심은 바로 기술과 데이터에 있습니다.
매드업은 디지털 마케팅 시장을 혁신하고 고객을 성공으로 이끈다는 미션 아래, 기술과 데이터 기반의 마케팅 솔루션을 제공하며 여러 성공 사례를 만들어가고 있습니다. 아울러, 마케터의 디지털 마케팅 역량 향상과 리소스 관리에 도움을 줄 수 있는 프로덕트를 개발하고 공급하여 디지털 마케팅 전반을 혁신하고자 합니다.
▶ 매드업은 조직 안팎으로 빠르게 성장하고 있습니다.
For your innovative growth, 매드업에게 성장은 가장 중요한 핵심 가치 중 하나입니다. 매드업은 구성원과 회사, 클라이언트의 동반 성장을 지향하며, 여러 가지 방식으로 성장을 실현하고 있습니다. 매년 2배 이상씩 성장하는 광고 취급고와 다양한 산업군별 탑 티어 클라이언트 레퍼런스는 매드업과 구성원들이 만들어낸 성장의 결과라 할 수 있습니다.
매드업의 이러한 잠재력을 조직 외부를 통해서도 증명하고 있습니다. 2016년 시리즈A 투자를 시작으로 최근 Pre 시리즈 C 브릿지 라운드를 통해 누적투자액 310억을 확보하였습니다. 2022년 6월, 중소기업벤처부 주관 예비 유니콘 기업으로 선정되며 매드업의 혁신적인 성장을 대외적으로 인정받고 있습니다.
▶ 매드업의 구성원들은 스스로를 ‘매드러너(MadRunner)’라고 칭합니다.
모든 매드러너는 다섯 가지 원칙을 바탕으로 매일 빠르게 변화하는 디지털 마케팅 시장에서 개인의 성장과 클라이언트의 성장을 위해 달리고 있습니다.
- 성장에 대한 열정 : 우리는 혁신적이고, 지속 가능하며, 회사와 구성원이 함께하는 성장을 추구합니다.
- 생산성 향상 추구 : 우리는 모두의 생산성 향상을 위해, 자발적인 참여와 적극적인 공유의 가치를 중시합니다.
- 자율과 책임 : 우리는 각자의 영역에서 독립성과 자율성을 보장받으며, 책임감 있게 행동합니다.
- 팀플레이 : One Team, One MADUP! 우리 모두는 하나의 팀, 하나의 매드업입니다.
- 고객 중심적 사고 : 우리는 고객과 함께 성장하며, 디지털 마케팅 시장의 변화와 혁신을 이끌어 갑니다.
무엇보다 우리는 함께할 때, 혼자일 때보다 위대한 걸음을 내디딜 수 있다고 믿습니다. 매드업이 그 어느 조직보다 동료의 소중함을 알고 있는 이유입니다. 매드업은 앞으로도 더 큰 성장을 꿈꾸는 새로운 동료분들과 함께 달려가고자 합니다.
좋은 동료와 함께 성장을 향해 달리고 싶은 분이시라면 지금 바로, 매드업에 합류하세요!","• 레버 엑스퍼트(Lever Xpert)
- 레버 엑스퍼트 솔루션 개발 및 운영 (FastAPI)
- 백오피스와 광고 운영 도구 개발 및 운영 (Django, FastAPI)
• 프리즘(Prism)
- AWS에서 Data pipeline 및 DL, DW, DM 구축
* 배치되는 팀에 따라 위 프로덕트 중 하나를 담당하여 업무를 진행하게 됩니다.","• Python, Java, C, C++ 등 하나 이상의 개발 언어로 백엔드 개발이 가능하신 분
• 클라우드 기술 스택에 관심이 많은 분
• 책임감이 강한 분
• 주도적으로 자기 업무를 수행하시는 분
• 커뮤니케이션 능력이 탁월하고 설득력 있게 설명 가능하신 분","• 광고 업무 이해
• Python 기반 서비스 운영 경험
• AWS 인프라 구성 및 운영 경험
• 클라우드 관련 자격증 소지자","서류 > 온라인 코딩 테스트 > 1차 인터뷰 > 2차 인터뷰 > 처우 협의 및 채용 확정
* 채용 절차에서 검토 과정에 따라 추가적인 인터뷰가 진행 될 수 있습니다.
* 채용절차법(7/17)에 의거하여, 이력서에 직무와 관계 없는 아래 정보들은 제외하여 기재해주시기 바랍니다.
(ex. 용모 · 키 · 체중 등의 신체적 조건, 출신지역 · 혼인여부 · 재산, 직계 존비속 및 형제자매의 학력 · 직업 · 재산 등)","• 함께하는 성장을 위하여
- 직무별 실무교육 및 스터디 지원
- 외부교육 및 컨퍼런스 참가 지원
- 업무 관련 도서 및 구독매체 무한 지원
- 맞춤형 파이썬 교육
- 영어 번역 · 작문 튜터 서비스
- 지식공유를 위한 테크톡(TechTalk) 진행
- 리더쉽 역량 강화 (외부강사 초빙, 참여형 교육 등)
• 자율과 책임에 대한 존중
- 8-11시 사이 유연한 출근
- 주 2회 자유로운 재택근무
- 인근 근무 및 야외 근무 가능
• 열심히 일한 자, 특별하게 떠나라!
- 4일 연속해서 쓰면 하루 더 받는 원스어게인 휴가
- 3, 5, 7, 10년 만근 시 최대 20일의 유급 휴가와 150/300만원의 휴가비 지원
• 따뜻한 매드업 라이프
- 사내 추천 시 최대 1천만원 추천비 지급
- 프로의 향기가 느껴지는 웰컴박스 제공
- 자유롭게 사용가능한 팀 활동비 지원
- 다양한 사내 동아리 활동비 지원
- 온보딩을 위한 버디 프로그램 및 5만원 활동비 지원
• 효율적인 업무 환경
- 원하는 PC 및 장비로 업무환경 세팅
- 개발.디자인 직군 전원 맥북 지급
• 구성원의 행복을 위하여
- 반기별 PS 제공
- 매월 복지포인트 지급
- 생일, 1년 만근, 사내강사 및 TF 활동 시 복지포인트 추가 지급
- 생일자 2시간 조기 퇴근
- 백신휴가, 졸업휴가, 창립기념휴가 등 연차 외 다양한 휴가
- 구성원 본인 및 부모님 명절 선물 제공
- 최대 1억 한도 주택자금 대출이자 지원 (직책, 근속별 차이)
- 건강검진 비용 전액 지원
- 승진 축하 포상으로 100~400만원 상당 상품권 및 선물 지급
- 즐거운 회사 생활을 위한 다양한 Spot Event
(할로윈 행사, 복날 이벤트, 배달 쿠폰 지급, 연말 선물 등)
- 최신 커피머신부터 다양한 간식과 음료 제공",서울시 서초구 서초대로74길 4 삼성생명 서초타워 20층,070-5142-8006
베스핀글로벌(주),2025.05.31,2025.05.31 D-20,백엔드 개발,5년 이상,서울,정규직,"""HELPING YOU ADOPT CLOUD&AI""
■ Who we are? / Vision & Mission
- 저희 베스핀글로벌은 AI와 Cloud로 세상을 연결하고 혁신을 주도하는 글로벌 리더로서,
""우리는 모든 기업들이 Cloud와 AI를 누릴 수 있도록 돕는다"" 라는 Vision과 Mission을 갖고 있습니다.
■ 베스핀글로벌 상품 소개
https://www.bespinglobal.com/product-solutions/","∙ HelpNow AI 음성 솔루션 설계 및 개발
∙ HelpNow AI 음성 관련 프로젝트의 요구사항 분석 및 구현
∙ 콜 인프라 시스템 연동 및 최적화
∙ STT(음성 인식), TTS(음성 합성) 엔진 연동 개발","∙ C, C++, Java, 또는 Go 언어 기반의 프로그래밍 실무 경험 (5년 이상)
∙ SIP/SDP, RTP/SecureRTP 등 음성 통신 프로토콜에 대한 전문 지식 보유
∙ 음성 코덱 및 음성 처리 기술(Ffmpeg 등) 활용 경험
∙ WebRTC 관련 설계 및 개발 경험
∙ RDBMS(MySQL 등)를 활용한 데이터 모델링 및 비즈니스 로직 구현 경험
∙ 문제 해결을 위한 능동적이고 긍정적인 태도, 협업 역량을 갖추신 분","∙ PBX, CTI, SBC, IVR, Voice Gateway 등 콜 인프라 관련 전문 지식 보유
∙ 음성인식 및 음성합성 기술에 대한 심화 지식
∙ PostgreSQL 등의 관계형 DB 및 MongoDB, Redis 등 NoSQL DB 설계 및 최적화 경험
∙ AWS, GCP, Azure 등 클라우드 환경에서의 애플리케이션 개발 및 배포 경험
∙ 마이크로서비스 아키텍처(MSA) 설계 및 구현 경험","서류 전형 - 통합면접 - 처우협의 - 채용검진 - 최종 입사
* 경우에 따라  추가 면접이 진행될 수 있으며, 발생시 별도 안내하고 있습니다.","- 복지포인트 지급 (분기별 21만원씩 지급하며, 중도입사자 월할계산하여 지급)
- 설/명절 복지포인트 지급 (각각 10만원씩)
- 종합건강검진 제도 (年1회, 무료, 가족&지인 할인가 적용 가능)
- 기념일 휴가 제도 (본인 생일, 결혼기념일, 입사일 중 택 1)
- 임직원 학자금 지원 (근속 3년 대상)
- 임직원 자녀 입학금 지원 (근속 3년 대상)
- 자격증 응시 비용 지원 (1년 근무 약정)
- 도서/교육비 지원
- 사내 동호회 제도
- 각종 경조사 지원
- 문화 회식비 지원","서울시 서초구 강남대로 327, 대륭서초타워 13F~16F",
슈퍼센트(주),2025.08.05,2025.08.05 상시 채용,"게임개발, 기술지원, 소프트웨어아키텍트",경력무관,서울,계약직 (정규직 전환 가능),"** 우측 '홈페이지 지원' 버튼 클릭 시 해당 공고 확인이 불가한 경우 마감된 공고인 점 참고 부탁드리겠습니다 : )
Welcome to ​Supercent!
슈퍼센트는 ​‘특별한 ​가치를 지닌 ​동전’이라는 뜻으로, 광고 생태계에서 ​가장 ​작은 경제 ​단위인 Cent를 거대한 ​산처럼 쌓아 ​올리는 ​것을 핵심 ​가치로 ​삼고 ​있습니다. 우리는 시장의 ​모든 ​트렌드와 유저들의 소비 ​패턴을 ​분석하여 ​발견한 재미요소를 게임에 ​녹이는 전략으로 ​글로벌 ​시장을 돌파하고 ​있습니다.
2021년 3월 ​법인 ​설립 이후, 슈퍼센트는 ​현재까지 누적 ​8억 다운로드와 매출 2,000억 원을 달성하였습니다. 현재 슈퍼센트는 23년 이후 국내 1위 앱 퍼블리셔이자, 23년 이후 출시된 게임 기준 전 세계 1위 게임 퍼블리셔로 누구보다 빠르게 성장하고 있습니다.
슈퍼센트의 대표 게임들은 양대 앱 마켓에서 전 세계 1위를 기록하며, 최고의 성공 경험을 쌓아가고 있습니다. 23년 1분기에 런칭한 '버거 플리즈!'는 당해년도 출시된 앱들 중 전 세계 다운로드 3위를 기록하였고, 후속작 ‘피자 레디’ 역시 2024년 4월 누적 다운로드 1억을 돌파하며 전 세계 게임 월간 순위 1위에 올랐습니다. 이 외에도 ‘아울렛 러쉬’, ‘슈퍼 슬라임’, ‘스네이크 클래시’ 등 많은 게임들이 각각 수천만 다운로드를 달성하며 성공을 이어가고 있습니다.
슈퍼센트와 함께 새로운 즐거움을 발명하실 분을 두 팔 벌려 환영합니다!
[직무를 소개해요]
‘AI 기술 리서치(인턴)’ 포지션은 빠르게 변화하는 AI 기술 트렌드를 조사하고, 이를 실제 업무 환경에서 테스트하여 슈퍼센트에서 효과적으로 활용할 수 있도록 지원하는 역할을 합니다.
인턴십 기간 동안 최신 AI 기술과 다양한 활용 사례를 조사하고 정리하며, 여러 AI 도구와 기술을 실무에 적용하고 검증해보는 경험을 쌓을 수 있습니다. 이 과정에서 기술의 가능성과 효율성을 직접 확인하고, 슈퍼센트의 AI 활용 역량 강화와 기술 지식 확산에도 함께 기여하게 됩니다. 실무 경험을 통해 AI 분야에서 한 걸음 성장하고 싶은 분이라면, 지금 바로 도전해보세요!","• SNS, 기술 블로그, 커뮤니티를 활용하여 최신 AI 기술 트렌드를 모니터링합니다
• 새로운 AI 도구와 서비스를 직접 테스트하여 기본 기능을 검증합니다
• 주간/월간 단위로 AI 기술 동향 보고서를 작성하고 공유합니다
• 전담 멘토의 지도하에 AI 기술의 장단점과 활용 가능성을 분석하는 업무를 지원합니다
• 팀 내 AI 기술 공유 세션 운영을 지원합니다","• AI 기술에 높은 관심을 가지고 있고, 적극적으로 배우려는 자세를 갖추신 분
• 새로운 기술을 빠르게 익히고 실무에 적용하는 데 흥미를 느끼시는 분
• 디지털 콘텐츠 플랫폼 및 SNS를 능숙하게 다루시는 분
• 정보를 명확하게 정리하고 전달하는 커뮤니케이션 역량을 갖추신 분
• 현재 졸업 또는 졸업 예정이며, 3개월 인턴십 이후 입사 가능하신 분
[공통 지원자격]
• 해외 여행에 결격 사유가 없으신 분","• AI, 컴퓨터 과학, 데이터 관련 학위를 보유하신 분
• AI 관련 개인 프로젝트를 수행해본 경험이 있으신 분
• 기술 블로그를 운영하거나 관련 커뮤니티 활동 경험이 있으신 분
• Python, JavaScript 등 프로그래밍 기초 지식을 보유하신 분
• 영어로 작성된 기술 문서를 읽고 이해할 수 있으신 분","• 서류 전형 → 과제전형 → 1차 인터뷰 → 처우협의 → 최종 합격
[기타 사항]
• 제출하신 지원서 내용 중 허위사실이 있거나 지원자격을 충족하지 못하는 경우 합격이 취소될 수 있습니다.
• 제출하신 내용 중 학교 혹은 전/현직 회사의 영업비밀을 침해하는 내용이 없도록 각별히 유의하시기 바랍니다.
• 장애인 및 국가유공자 등 취업보호대상자는 관계 법령에 따라 우대합니다.
• ｢채용절차의 공정화에 관한 법률｣ 제11조 제6항에 따른 것으로, 최종 합격자를 제외한 구직자를 대상으로 기제출한 채용서류를 반환 받을 수 있습니다.
• 지원 관련 문의 사항은 recruit@supercent.io 로 문의 주시기 바랍니다.
[근무지]
• 서울특별시 송파구 올림픽로 295, 삼성생명잠실빌딩 15층
[근무형태]
• 근무형태 : 3개월 인턴
• 인턴십 종료 후 최종 평가에 따라 정규직으로 전환될 수 있으며, 상호 협의 하에 인턴 기간이 연장될 수 있습니다.","• 점심시간 1시간 30분
• 점심 / 저녁 식대 지원
• 유연근무제 운영
• 각종 음료수, 다양한 간식 제공
• 연 1회 건강검진, 단체보험 지원
• 명절, 생일, 기념일(졸업, 자녀입학, 어버이날 등) 선물 지급","서울특별시 송파구 올림픽로 295, 삼성생명잠실빌딩 15층",
에프피티소프트웨어코리아(주),2025.06.30,2025.06.30 D-50,"QA(Quality Assurance), 소프트웨어 개발",5 ~ 10년,서울,정규직,"< FPT SOFTWARE KOREA >
베트남 최대의 ICT 기업인 에프피티그룹의 Technology 사업 부문을 담당하고 있는 에프피티소프트웨어 주식회사 (FPT Software Co. Ltd )를 모회사로 두고 있으며, 2020년 3월 9일 외국인 투자 법인으로 사업자 등록을 하였습니다.
< 당사는 디지털 전환의 선구자입니다 >
전세계 17,628명의 기술 전문가를 포함하여 총 28,000여명 이상의 직원들이 디지털 플랫폼, RPA, AI, IoT, 스마트 공장, 클라우드, 증강현실/가상현실, 비즈니스 애플리케이션, 엔터프라이즈 모빌리티, 애플리케이션 서비스, 비즈니스 프로세스 아웃소싱(BPO) 등에서 세계 최고 수준의 서비스를 제공하고 있으며, 미국 / 유럽 / 일본 / 중국/ 한국 등 전세계 30개국에 진출하여 글로벌 고객들의 성공적인 디지털 전환을 돕고 있습니다.
< 다음 단계로의 성장, 한국은 우리에게 중요한 시장입니다 >
한국은 세계 디지털 기술을 선도하고 있는 나라입니다.
우리는 한국의 우수한 인재들과 함께, 한 단계 더 높은 곳으로 성장하고자 합니다.
FPT소프트웨어 코리아는 우수한 기술력과 다양한 래퍼런스를 바탕으로 빠르게 성장중이며, 향후 10년 안에 한국의 3대 솔루션/SI 회사로 성장한다는 비전을 가지고 있습니다.
< Tech-Blog >
https://blog.fpt-software.com/
< 보도 자료 >
https://www.fpt-software.kr/fpt-software-insights/news/
< 글로벌 고객들의 FPT Software 평가 >
1. AIRBUS - Mr. Mark Bignone (Digital Transformation Leader for Asia-Pacific region)
https://youtu.be/SL5GxNaUO2U
2. AT&T - Mr. John Donovan (CEO)
https://youtu.be/K4xeSEE_KDg
3. Toshiba - Mr.Takashi AMANO (Technical manager)
“FPT 소프트웨어를 설명하기 위해 세 단어를 사용하여 다음과 같이 사용합니다. 젊고, 열정적이며, 친절합니다.”
4. Hittach - Mr. Masahiro Hayash (CEO)
“FPT 소프트웨어와 세계 최고의 기업들 간의 협력은 베트남의 정보 기술 산업에서 회사의 주도적 위치를 결정하는 강력한 증거입니다. 히타치 솔루션즈는 2003년부터 FPT 소프트웨어와 함께 작업하기 시작했습니다. FPT 소프트웨어의 숙련된 직원은 오늘까지 신뢰를 얻고 협력을 계속했습니다. 최근에 우리는 제조 분야에서 FPT Software와의 협력 관계를 발전시켰습니다. 히타치와 FPT 소프트웨어의 관계가 소프트웨어 아웃소싱 분야 뿐만 아니라 다른 많은 비즈니스 분야에서도 확대되고 더 많은 성과를 거둘 수 있기를 바랍니다.”","•	한국 OEM 및 1차 공급업체에 맞춘 VnV 전략 수립 및 제안
•	차량용 전장 소프트웨어 테스트 프로세스 총괄
•	VnV팀 관리","•	자동차 VnV 분야에서 10년 이상 및 테스트 매니저로서 5년 이상의 경력
•	차량용 전장 소프트웨어 테스트 프로세스 경험
•	자동차 OEM 공급업체 및 테스트 벤더와의 협업 능력
•	영어 능통자","•	베트남 비즈니스 환경 이해도
•	현대, 오토에버, 현대모비스 등 한국 자동차 OEM 및 공급업체와의 업무 경험
•	한국 자동차 리더와의 협업 경험","*전형절차:
서류전형 -> 면접전형 -> 기타면접 -> 최종합격
*모집기간:
수시 서류 검토 및 서류결과 이메일 알림
세부 전형 일정은 합격자에 한하여 개별 통보
*지원방법:
이력서 및 포트폴리오는 자유 양식이며, PDF 파일로 제출 필수
채용홈페이지 (
https://fptkorea.career.greetinghr.com/careers)
*기타사항:
채용 절차는 상황에 따라 변경될 수 있습니다.
서류 내용이 사실과 다를 경우 입사가 취소될 수 있습니다.
문의: 메일 fkr.career@fpt.com","* 근무조건
근무위치: 서울 및 수도권
근무시간: 09:00 - 18:00 (상황에 따른 조정, 재택 가능)
급여: 면접 후 협의
복리후생: 건강검진 패키지, 명절 선물, 생일 선물, 생일 반차, 여름휴가 별도 지급, 항공지원금, 육아지원금 등","서울 영등포구 여의공원로 115, 3층, 7층",
오직(주),2025.05.27,2025.05.27 D-16,"웹개발, ERP, 프론트엔드 개발",3 ~ 5년,서울,정규직,"오직(주)는 국내외 1만여개의 교회에 다양한 솔루션을 제공하고 있습니다.
작은 교회는 무료로 서비스를 이용할 수 있도록 도움을 드리고 있으며
교회에서 필요한 것은 무엇인지, 어떤 것이 교역자가 일하는데 도움이 되는지 항상 고민하고 노력하고 있습니다.
현재 교회 웹서비스 부분에서 마켓쉐어 1위이지만 이에 자만하지 않고
끊임없는 연구 개발과 품질 높은 서비스로 함께 나아갈 동료를 기다립니다.","• 자사 관리 시스템의 프론트엔드 유지보수 및 커스터마이징
• Vue.js 기반 프론트엔드 개발 및 UI/UX 개선
• 자사 솔루션 및 교회 홈페이지(php & java) 프론트엔드 개발 및 유지보수","• Vue.js 및 관련 기술 3년 이상 경험자
• HTML, CSS(SCSS, Tailwind 등), JavaScript(ES6+)에 대한 이해도 높은 분
• 크로스 브라우징, 반응형 웹 개발 경험
• Git을 활용한 협업 경험","• 교회 출석자
• Nuxt.js, Pinia 등 Vue.js 생태계에 대한 경험이 있는 분
• Figma 등의 디자인 협업 도구 사용 경험
• 프론트엔드 성능 최적화 및 웹 접근성 개선 경험",서류전형 - 전화면접 - 실무면접 - 최종합격,"• 유연근무제.
• 개인 체형 맞춤 의자와 모니터암, 10만원 가량의 키보드와 마우스를 무상 제공.
• 근무 시간 중 마지막 한 시간은 업무에 대한 공부 시간으로 진행.
• 도서/교육 지원.
• 명절/생일선물 지급.
• 5년 단위 장기근속 포상.
• 주4일제 : 기본 토요일, 일요일 외 월요일을 휴무일로 지정.
(교회 특성 상 토~월 중 월 1회  당직 시행 / 1월 첫째~둘째주 월요일은 휴가 2일 일괄 소진)",서울시 금천구 가산디지털2로 136(가산동) 승일벤처타워 705호,
카테노이드(주),2025.08.06,2025.08.06 상시 채용,백엔드 개발,5 ~ 7년,서울,정규직,"카테노이드는 국내 최초 온라인 동영상 플랫폼(Online Video Platform)인 콜러스(Kollus)’를 출시해 안정적이고 편리한 동영상 기술 서비스를 국내외 B2B 고객에게 제공하고 있는 기업입니다.
카테노이드는 온라인 동영상과 관련된 다양한 소프트웨어와 하드웨어, 네트워크를 하나의 플랫폼으로 통합해 서비스 형태로 고객에게 제공하는 VTaaS(Video Technology as a Service) 사업을 진행하고 있습니다.
온라인 교육 기업 고객 점유율 1위로 현재 750여 고객사를 보유하고 있는 동영상 미디어 분야의 기술 선도 기업으로 성장하며 온라인 교육, 커머스, 방송, 엔터테인먼트, 일반 기업, 공공기관 등 다양한 분야의 기업 고객에게 최적의 비디오 솔루션을 제공하기 위해 지속적인 기술 개발에 노력을 기울이고 있습니다.
카테노이드 기업 소개영상 :
https://youtu.be/GqUH5kLA6H8","주요업무
• 카테노이드 서비스(VOD/Live)에서 사용하는 백엔드 모듈에 대한 신규개발 및 기존 서비스 고도화
(Go 언어, 일부 Java)","• 동영상 관련 기술 경험이 있으신 분 (아래 항목 중 하나 이상 해당)
_컨테이너 포맷(MP4, MOV, MKV 등) 및 코덱(H264, HEVC, AV1 등)에 대한 이해
_스트리밍 전송 기술 (HLS, DASH, LL-HLS)에 대한 이해
_트랜스코딩 및 ffmpeg 활용 경험
• 백엔드 실무 경력 5년 이상 또는 그에 준하는 역량을 갖추신 분
• Go 언어 개발 경험이 있으신 분
• 새로운 기술 및 트렌드에 대한 지속적인 관심과 적극적인 실무 적용에 관심있으신 분","• C/C++, Go, Java 등의 백엔드 개발
• Docker, rancher, kubernetes 등 컨테이너 오케스트레이션 툴 사용
• Redis, RabbitMQ, Zookeeper 등 메시징 및 분산 시스템
• 클라우드 환경(AWS, GCP, Azure 등)에서 서비스 운영
• CI/CD 파이프라인 구축 및 운영",• 서류전형 ＞ 1차(실무자) 면접 ＞ 2차(경영진) 면접 ＞ 처우협의 ＞ 최종합격,"• 유연한 근무시간 : 08:30~09:30 까지 시차 출근제를 운영하여 8시간 근무 후 퇴근할 수 있습니다.
• 복지포인트 : 연100만원 페이코 포인트를 지급하고 있습니다.
• 다양한 성장지원 : 인프런과 휴넷을 이용한 직무 교육을 지원 합니다.
• 건강검진 지원 : 년 1회 건강 검진을 지원해 드립니다.
• 생일 휴가권 : 자유롭게 사용할 수 있는 휴가권을 지급합니다.
• 유용한 편의시설 : 취향에 맞게 드실 수 있는 커피와 편안한 휴식을 위한 세라젬을 이용할 수 있습니다.
• 장기근속 포상 : 장기 근속자에게 유급 휴가와 휴가비를 지급합니다.
• 명절선물 : 명절에 가족들과 함께 나눌 수 있도록 명절 선물을 지급 합니다.
• 경조사 : 기쁨과 슬픔을 함께 나누고자 경조금과 경조휴가를 지원 합니다.",서울시 강남구 봉은사로 502 삼하빌딩 4층 5층,
코우치코리아리미티드(유),2025.07.22,2025.07.22 상시 채용,"ERP, 기술지원",3년 이상,서울,계약직,"Coach는 1941년에 가족이 운영하는 작업장으로 설립되었으며 현재는 모던 럭셔리 액세서리와 라이프스타일 컬렉션을 제공하는 선도적인 뉴욕 디자인 하우스 Tapestry 그룹의 일원입니다. 2015년 5월, Coach는 여성용 고급 슈즈 트렌드를 선도하는 디자이너이자 제조업체인 Stuart Weitzman을 인수했습니다. 2017년 5월에는 여성 및 아동용 패션 제품과 가정용품을 제공하는 Kate Spade 인수도 발표했습니다. 이 합병을 통해 Coach는 뉴욕에 기반을 둔 모던 럭셔리 라이프스타일 브랜드 하우스로 자리매김했습니다.
Coach는 뛰어난 인재들이 능력을 마음껏 발휘할 수 있도록 그들에게 영감을 주는 직장을 제공하기 위해 노력하고 있습니다. Coach는 수평적 업무환경에서 능동적으로 업무에 임하고, 변화를 기회로 만드는 성장마인드셋을 가진, 공동의 목표를 향해 팀플레이하고, 진정성 있는 고객서비스를 실현하는 인재를 추구합니다.","Key Responsibilities:
• Partner with the implementation vendor to work out the project plan and ensure timely delivery of plans.
• Work with internal SME/business partners to gather all the business requirements. Close the gap of understanding between business partners and the external vendor.
• Work with internal/external partners to assure the delivery quality.
• Collaborate with key stakeholders to build change management plan and enablement materials.
• Lead the project team to project completion through effective communication (regular team meeting, weekly/monthly project status report, etc.) and relationship building.
• Regularly identify any potential project risk and work out corresponding mitigation plan.
• Manage all the project related documents.
• Provide administrative support as needed and assist with translation as needed.","Competencies/Skills:
• Fluency in English and Korean is a must.
• Minimum of 3 years with in-depth experience working as project manager. (Experience with waterfall project management experience is preferred. PMP certification is a plus)
• Knowledge or experience with HRIT project/domain is a must, with a high preference of:
o Having experience with time and attendance project (especially Korea time and attendance
system)
o Having knowledge on Korea local labour law
o Having a deep understanding of Active Directory (Employee Information field) and ***(Middle ware for org. information / Personal Action data integration), MS (SSO)
• Strong documentation skills for both written and verbal.",,"• 서류 전형
• 1차 면접
• 2차 면접
• 최종 합격 통보","• 유연한 근무 시간 제공
• 글로벌 팀과의 협업 기회
• 전문성 개발을 위한 교육 및 훈련 지원","서울 종로구 종로3길 D타워 17, 18층 (매장은 해당 점포별로 상이함)",
코코네엔지니어링코리아(주),2025.07.09,2025.07.09 상시 채용,"iOS 개발, 안드로이드 개발",5 ~ 10년,서울,정규직,"우리가 그리는 세상은 단 하나,
Identity in Avatar Metaverse “아바타로 살아가는 메타버스에서의 ‘나’
코코네 서비스는 ‘현실세계와는 또다른 메타버스 세계 속 나를 만난다’는 가치가 있어요.
새로운 세계에 들어간 내가 그곳에서 나의 정체성을 만들어가고
그 안에서 새로운 사람들을 만나 관계를 형성해 가죠.
코코네에의 16개 라이브 서비스들은 각각의 세계관과 특징을 가지고 세상에 없던 새로운 디지털 월드를 만들어 선물하고 있어요!","[우리 팀을 소개합니다!]
Cocone Engineering은 아바타 소셜 네트워크 분야에서 일본을 비롯한 글로벌 시장에서 주목을 받고 있는 코코네 그룹의 핵심적인 개발 조직입니다.
코코네 그룹은, 혁신적인 디지털 월드를 목표로 아바타와 소셜 네트워크를 조합한 독자적인 서비스와 게임 서비스를 제공하는 것으로, 전세계의 유저에게 새로운 경험을 전달하고 있습니다.
우리는, 코코네 그룹의 비전 실현에 있어서 중요한 역할을 완수해, 최신 기술과 창조적인 접근으로 지속 가능한 성장과 혁신을 추구하고 있습니다.
신속하고 안정적인 서비스 개발을 통해 고객의 기대를 뛰어넘는 서비스를 제공하고 기술로 더 나은 미래를 창조하는 것을 목표로 하고 있습니다.
2008년에 창업해, 성장을 계속하고 있는 코코네 그룹의 엔진으로서, 우리는 여러가지 기술적인 도전과 기회를 받아 들여 이노베이션을 추진해, 전세계의 유저와 연결되는 풍부한 디지털 체험을 창출하고 있습니다.
*4월 1일 자로 코코네엠의 사명은 '코코네 엔지니어링' 으로 변경될 예정입니다.
주요업무
•앱스토어 및 구글 플레이를 위한 소셜 앱 개발 및 운영 업무를 담당합니다.
•요청된 작업 뿐만아니라 엔지니어 시점에서 최적의 설계~ 개발~운영에 참여할 수 있습니다.
•서버 사이드 애플리케이션의 설계, 개발, 운영
•인증 기능 개발 및 관리
•비즈니스 로직 개발 및 운용
•API 구현
•DB 설계 (NoSQL / RDBMS 이용)
•부하 대책 ·각종 서버 설정
•웹 서버, 애플리케이션 서버, 백엔드 서버
•각종 서버 튜닝, 퍼포먼스 최적화 ·작업 자동화
•테스트, 디플로이, 코딩 규약 등
※서울 뿐만 아니라 코코네 그룹 (도쿄/후쿠오카) 글로벌 거점의 프로젝트에도 참가할 수 있습니다.","•5년 이상의 서버 사이드 애플리케이션 개발/운영 경험이 있으신 분
•※B2C/B2B 불문 ·Java/Kotlin(서버사이드)/Go 중 하나의 언어를 사용한 개발 경험이 있으신 분
•사업회사/자사 서비스 개발 경험이 있으신 분
•개발리더 혹은 테크리드 경험이 있으신 분
•(시니어의 경우)신규 서비스 런칭 경험 ·10명 이상의 매니지먼트 경험이 있으신 분
•일상회화 이상의 일본어가 가능하신 분","•Golang을 이용한 서버사이드 개발/운영 경험이 있으신 분
•게임 및 모바일 앱 개발/운영 경험이 있으신 분
•중규모, 대규모 사용자를 보유한 서비스 개발/운영 경험이 있으신분
•NoSQL(MongoDB)을 이용한 어플리케이션 개발/운영 경험이 있으신 분
•AWS, GCP, Azure 등 클라우드 환경에서의 서비스 개발/운영 경험이 있으신 분
[기술스택]
•언어：Java, Go, Kotlin
•HTTP Server / Reverse Proxy：nginx, Tomcat
•OS：Linux
•Database / Cache：MariaDB, MongoDB, Redis
•Cloud：AWS, GCP
•Framework：Spring Framework, Spring Boot
•IDE：IntelliJ, VS Code
•Script：Python, JavaScript, Bash, node.js 등을 사용한 업무 자동화
•빌드 자동화：Jenkins등
•기타 툴：GitHub Enterprise,GitHub Copilot,ChatGPT Plus","서류 접수
1차 인터뷰
역량 검사 & 코딩테스트
2차 인터뷰
처우 제안
최종 합격
※역량에 따라 코딩테스트 진행 여부가 결정되며, 처우 제안 전, 레퍼런스 체크가 진행 될 수 있어요.","• 사내 부속 의원 전문 의료진의 전담 진료
• 번아웃 안돼! 5년마다 1개월 리프레시 유급 휴가
• 한 시간도 소중하니까, 시간 단위 연차 사용 제도
• 특별한 날은 더 특별하게, 생일/기념일 휴가 제공
• 지갑도 마음도 풍족한 급여일은 점심시간 2시간
• 언제나 든든한 반값 스낵바",서울 강남구 학동로9길 19,
콘센트릭스서비스코리아(유),2025.08.06,2025.08.06 상시 채용,웹개발,10 ~ 15년,서울,정규직,"콘센트릭스는 미국 나스닥에 상장된 매출 13조, 직원수 44만명, 전 세계 70여개 국가에서 사업을 영위하는
글로벌 기업 콘센트릭스의 한국 법인으로 Contact Center  및 Digital Marketing 분야의 컨설팅 전문 기업입니다.
[콘센트릭스 Catalyst]
콘센트릭스 Catalyst는 디지털 마케팅 전 영역(전략컨설팅, UXUI, 웹컨텐츠, 구축/운영, 분석)에
대한 END TO END 서비스 제공 및 E-commerce 플랫폼의 기획,구축,운영을 수행하며
글로벌 Top-tier 대기업들과의 전략적 파트너로서 입지를 공고히 다져오고 있습니다.
[콘센트릭스 Client Success]
콘센트릭스 Client Success는 높은 수준의 혁신 기술을 접목한 CS 솔루션을 바탕으로 Tech, Automotive, Financial Service, E-commerce, Retail, Tourism 등 다양한 글로벌 브랜드의 Contact center 운영 서비스를 제공하고 있습니다.
글로벌 기업들과의 협업을 통해 다양한 업무 경험을 쌓고, 역량을 강화하며 콘센트릭스와 함께 수평적이고 수직적인 성장을 원하신다면 적극적인 지원을 부탁 드립니다.","- 시각화 개발자 파트 사업을 운영하고 소속 인력을 인사적/기술적 관리
- 주요 이해관계자와의 커뮤니케이션을 통한 요구사항 분석 및 대시보드/시각화 프로젝트의 전략적 기획·설계
- BI (Tableau, Power BI, Looker Studio 등) 솔루션을 활용한 데이터 시각화 아키텍처 설계 및 고도화
- 다양한 데이터 원천 연결 및 대시보드 개발
- BI 솔루션(특히 Tableau, Power BI) 서버 운영·관리 및 성능 최적화, 보안·거버넌스 정책 수립
- 데이터 마트 설계 및 구축, 기본적인 데이터 파이프라인(ETL/ELT) 설계 및 개발
- 시각화 개발 관련 프로젝트 리딩: 업무 분장, 기술 멘토링, 코드 리뷰, 프로젝트 일정 및 품질 관리
- 최신 BI/시각화 트렌드, 신기술 도입 및 인력 육성","- SQL, Python 등을 활용한 데이터 추출·가공 및 자동화 역량
- 클라우드(AWS, GCP 등) 기반 데이터 환경 및 BI 인프라 운영 경험
- Tableau, Power BI 등 BI 관련 자격증 보유
- 글로벌 프로젝트 경험 또는 외국어 능력
- 온라인 마케팅 분야 BI 대시보드 개발 경험","- 다양한 BI 솔루션(Tableau, Power BI, Looker, Qlik 등) 프로젝트 리딩 경험
- 대용량 데이터 처리 및 DW, OLAP, ETL/ELT 설계·운영 경험
- Tableau, Power BI 등 BI 관련 자격증 보유
- 데이터 거버넌스, 보안, 품질 관리 체계 구축 경험
- 글로벌 프로젝트 경험 또는 외국어 능력
- 온라인 마케팅 분야 경험
※ 장애인은 관련 법령에 의하여 채용시 우대합니다
※ 근무지 : 서울시 강남구","- 서류전형->1차면접->2차면접->최종합격
* 단계별 합격자에 한해 개별 연락 드리고 있습니다.
* 1차/2차 면접 후 인성검사를 실시할 수 있습니다.
* 화상 인터뷰와 대면 인터뷰를 함께 실시하고 있습니다.
- 입사지원서 내용에 허위사실이 발견될 경우, 채용이 취소될 수 있습니다.
* 본 공고는 수시채용으로 조기 마감될 수 있습니다.","콘센트릭스는 아래와 같은 혜택을 구성원들과 함께 나눈답니다 !
1. For your personal life
• 단체보험 : 질병/재해 사망, 실손보험 제공
• 건강검진 및 독감접종비 지원
• 명절 상품권 지급
• 고등 자녀 교육비 지원
• 주택대출이자 지원
• 호텔 연계할인 프로그램
• EAP(Employee Assistance Program) 전문 심리 상담 자문 서비스
2. For your work life
• 야근 식대 및 택시비 지원
• 출퇴근용 주차비 지원
• 직원추천프로그램: 추천직원 채용시 보너스 지급
• 장애를 가진 직원을 위한 수당지급
3. For your development
• 신규입사자 OT 및 NEO 프로그램
• 신규입사자 100일 온보딩 프로그램
• 영어 교육비 지원
• 연간 무제한 온라인 학습 사이트
• Hobby club 지원
4. For your special moment
• 신규입사자 웰컴키트 제공
• 입사 1주년 축하 선물 제공
• 승진 축하선물 제공
• 각종 경조사 경조금, 근조화환, 휴가 제공
• 장기근속자 포상금 및 특별휴가 제공
• Family Day :설(구정)과 추석 명절 연휴전, 연말 마지막 근무일 조기퇴근
• Refresh Day: 매월 마지막주 금요일 조기퇴근
• Special Day: 생일자 당월 특별 휴가 제공","서울특별시 강남구 테헤란로 509, 5층(삼성동, 엔씨타워1)",
